Superkingdom,Kingdom,Phylum,Class,Order,Family,Genus,Family_Genus,ERZ1764620,ERZ1764613,ERZ1764614,ERZ1764618,ERZ1764622,ERZ1764624
Bacteria,Bacteria,Acidobacteria,Blastocatellia,Blastocatellales,Blastocatellaceae,Stenotrophobacter,Blas_Stenotrophobacter,1,0,0,0,0,0
Bacteria,Bacteria,Acidobacteria,Holophagae,Holophagales,Holophagaceae,Geothrix,Holo_Geothrix,0,0,0,0,1,1
Bacteria,Bacteria,Actinobacteria,Acidimicrobiia,Acidimicrobiales,Iamiaceae,Iamia,Iami_Iamia,1,0,0,0,1,0
Bacteria,Bacteria,Actinobacteria,Actinobacteria,Bifidobacteriales,Bifidobacteriaceae,Bifidobacterium,Bifi_Bifidobacterium,0,0,0,0,1,0
Bacteria,Bacteria,Actinobacteria,Actinobacteria,Corynebacteriales,Gordoniaceae,Gordonia,Gord_Gordonia,1,0,0,0,0,0
Bacteria,Bacteria,Actinobacteria,Actinobacteria,Corynebacteriales,Mycobacteriaceae,Mycobacterium,Myco_Mycobacterium,1,0,0,0,0,0
Bacteria,Bacteria,Actinobacteria,Actinobacteria,Micrococcales,Intrasporangiaceae,Tetrasphaera,Intr_Tetrasphaera,1,1,2,1,1,0
Bacteria,Bacteria,Actinobacteria,Actinobacteria,Propionibacteriales,Propionibacteriaceae,Aestuariimicrobium,Prop_Aestuariimicrobium,1,0,0,0,0,0
Bacteria,Bacteria,Actinobacteria,Actinobacteria,Propionibacteriales,Propionibacteriaceae,Granulicoccus,Prop_Granulicoccus,0,0,0,0,2,0
Bacteria,Bacteria,Actinobacteria,Actinobacteria,Propionibacteriales,Propionibacteriaceae,Propioniciclava,Prop_Propioniciclava,1,0,0,0,0,0
Bacteria,Bacteria,Actinobacteria,Actinobacteria,Streptomycetales,Streptomycetaceae,Streptomyces,Stre_Streptomyces,1,0,0,0,6,4
Bacteria,Bacteria,Actinobacteria,Coriobacteriia,Coriobacteriales,Coriobacteriaceae,Collinsella,Cori_Collinsella,0,0,0,1,0,0
Bacteria,Bacteria,Bacteroidetes,Chitinophagia,Chitinophagales,Chitinophagaceae,Ferruginibacter,Chit_Ferruginibacter,1,0,0,0,0,0
Bacteria,Bacteria,Bacteroidetes,Chitinophagia,Chitinophagales,Chitinophagaceae,Terrimonas,Chit_Terrimonas,1,0,1,0,0,0
Bacteria,Bacteria,Bacteroidetes,Flavobacteriia,Flavobacteriales,Cryomorphaceae,Owenweeksia,Cryo_Owenweeksia,0,0,0,0,2,0
Bacteria,Bacteria,Chloroflexi,Chloroflexia,Chloroflexales,Roseiflexaceae,Kouleothrix,Rose_Kouleothrix,0,0,0,0,0,1
Bacteria,Bacteria,Firmicutes,Bacilli,Bacillales,Alicyclobacillaceae,Tumebacillus,Alic_Tumebacillus,1,0,0,0,0,0
Bacteria,Bacteria,Firmicutes,Bacilli,Bacillales,Bacillaceae,Bacillus,Baci_Bacillus,1,0,0,1,0,5
Bacteria,Bacteria,Firmicutes,Bacilli,Bacillales,Staphylococcaceae,Staphylococcus,Stap_Staphylococcus,1,0,0,0,0,0
Bacteria,Bacteria,Firmicutes,Bacilli,Lactobacillales,Enterococcaceae,Enterococcus,Ente_Enterococcus,1,0,0,0,0,0
Bacteria,Bacteria,Firmicutes,Clostridia,Clostridiales,Peptostreptococcaceae,Romboutsia,Pept_Romboutsia,1,0,0,0,0,0
Bacteria,Bacteria,Firmicutes,Clostridia,Clostridiales,Ruminococcaceae,Subdoligranulum,Rumi_Subdoligranulum,0,0,1,1,0,0
Bacteria,Bacteria,Firmicutes,Erysipelotrichia,Erysipelotrichales,Erysipelotrichaceae,Catenibacterium,Erys_Catenibacterium,0,0,0,0,0,1
Bacteria,Bacteria,Firmicutes,Erysipelotrichia,Erysipelotrichales,Erysipelotrichaceae,Erysipelatoclostridium,Erys_Erysipelatoclostridium,0,0,0,1,0,0
Bacteria,Bacteria,Nitrospirae,Nitrospira,Nitrospirales,Nitrospiraceae,Nitrospira,Nitr_Nitrospira,1,0,1,0,1,0
Bacteria,Bacteria,Planctomycetes,Planctomycetia,Pirellulales,Pirellulaceae,Pirellula,Pire_Pirellula,0,0,0,0,2,0
Bacteria,Bacteria,Planctomycetes,Planctomycetia,Pirellulales,Pirellulaceae,Rhodopirellula,Pire_Rhodopirellula,0,0,0,0,1,0
Bacteria,Bacteria,Proteobacteria,Alphaproteobacteria,,,Phreatobacter,Phreatobacter,0,0,0,0,1,1
Bacteria,Bacteria,Proteobacteria,Alphaproteobacteria,Caulobacterales,Caulobacteraceae,Brevundimonas,Caul_Brevundimonas,2,0,0,0,0,0
Bacteria,Bacteria,Proteobacteria,Alphaproteobacteria,Caulobacterales,Caulobacteraceae,Phenylobacterium,Caul_Phenylobacterium,0,0,0,0,1,0
Bacteria,Bacteria,Proteobacteria,Alphaproteobacteria,Rhizobiales,Hyphomicrobiaceae,Hyphomicrobium,Hyph_Hyphomicrobium,1,0,0,0,1,0
Bacteria,Bacteria,Proteobacteria,Alphaproteobacteria,Rhodobacterales,Hyphomonadaceae,Hirschia,Hyph_Hirschia,1,0,0,0,0,0
Bacteria,Bacteria,Proteobacteria,Alphaproteobacteria,Rhodobacterales,Rhodobacteraceae,Defluviimonas,Rhod_Defluviimonas,0,0,0,0,1,0
Bacteria,Bacteria,Proteobacteria,Alphaproteobacteria,Rhodobacterales,Rhodobacteraceae,Paracoccus,Rhod_Paracoccus,1,0,0,0,0,1
Bacteria,Bacteria,Proteobacteria,Alphaproteobacteria,Rhodobacterales,Rhodobacteraceae,Rhodobacter,Rhod_Rhodobacter,0,0,0,1,0,0
Bacteria,Bacteria,Proteobacteria,Alphaproteobacteria,Rhodospirillales,Acetobacteraceae,Rhodovastum,Acet_Rhodovastum,0,0,0,0,1,0
Bacteria,Bacteria,Proteobacteria,Alphaproteobacteria,Sphingomonadales,Sphingomonadaceae,Novosphingobium,Sphi_Novosphingobium,0,0,0,0,1,0
Bacteria,Bacteria,Proteobacteria,Betaproteobacteria,Burkholderiales,,Paucibacter,Paucibacter,1,0,0,1,2,1
Bacteria,Bacteria,Proteobacteria,Betaproteobacteria,Burkholderiales,Burkholderiaceae,Lautropia,Burk_Lautropia,0,0,0,0,1,0
Bacteria,Bacteria,Proteobacteria,Betaproteobacteria,Burkholderiales,Burkholderiaceae,Limnobacter,Burk_Limnobacter,0,0,0,0,0,1
Bacteria,Bacteria,Proteobacteria,Betaproteobacteria,Burkholderiales,Comamonadaceae,Acidovorax,Coma_Acidovorax,0,0,1,0,1,0
Bacteria,Bacteria,Proteobacteria,Betaproteobacteria,Burkholderiales,Comamonadaceae,Brachymonas,Coma_Brachymonas,1,0,0,0,0,0
Bacteria,Bacteria,Proteobacteria,Betaproteobacteria,Burkholderiales,Comamonadaceae,Rhodoferax,Coma_Rhodoferax,0,0,1,1,0,0
Bacteria,Bacteria,Proteobacteria,Betaproteobacteria,Nitrosomonadales,Sterolibacteriaceae,Denitratisoma,Ster_Denitratisoma,1,0,0,0,0,0
Bacteria,Bacteria,Proteobacteria,Betaproteobacteria,Nitrosomonadales,Sterolibacteriaceae,Sulfuritalea,Ster_Sulfuritalea,1,0,0,0,2,1
Bacteria,Bacteria,Proteobacteria,Betaproteobacteria,Rhodocyclales,Azonexaceae,Dechloromonas,Azon_Dechloromonas,1,2,1,1,1,0
Bacteria,Bacteria,Proteobacteria,Betaproteobacteria,Rhodocyclales,Rhodocyclaceae,Dechlorobacter,Rhod_Dechlorobacter,0,1,0,0,0,0
Bacteria,Bacteria,Proteobacteria,Deltaproteobacteria,Desulfobacterales,Desulfobacteraceae,Desulfatiglans,Desu_Desulfatiglans,0,0,0,0,0,1
Bacteria,Bacteria,Proteobacteria,Deltaproteobacteria,Desulfobacterales,Desulfobulbaceae,Desulfobulbus,Desu_Desulfobulbus,0,0,0,0,1,0
Bacteria,Bacteria,Proteobacteria,Deltaproteobacteria,Myxococcales,Kofleriaceae,Haliangium,Kofl_Haliangium,0,0,1,0,3,2
Bacteria,Bacteria,Proteobacteria,Deltaproteobacteria,Myxococcales,Phaselicystidaceae,Phaselicystis,Phas_Phaselicystis,1,0,0,0,1,1
Bacteria,Bacteria,Proteobacteria,Deltaproteobacteria,Myxococcales,Polyangiaceae,Pajaroellobacter,Poly_Pajaroellobacter,0,0,0,2,0,0
Bacteria,Bacteria,Proteobacteria,Deltaproteobacteria,Myxococcales,Sandaracinaceae,Sandaracinus,Sand_Sandaracinus,0,0,0,0,1,0
Bacteria,Bacteria,Proteobacteria,Epsilonproteobacteria,Campylobacterales,Campylobacteraceae,Arcobacter,Camp_Arcobacter,1,0,0,0,0,0
Bacteria,Bacteria,Proteobacteria,Gammaproteobacteria,,,Acidibacter,Acidibacter,1,0,0,0,2,0
Bacteria,Bacteria,Proteobacteria,Gammaproteobacteria,Cellvibrionales,Halieaceae,Halioglobus,Hali_Halioglobus,0,0,0,0,1,0
Bacteria,Bacteria,Proteobacteria,Gammaproteobacteria,Enterobacterales,,Plesiomonas,Plesiomonas,0,0,1,1,0,0
Bacteria,Bacteria,Proteobacteria,Gammaproteobacteria,Legionellales,Coxiellaceae,Coxiella,Coxi_Coxiella,0,0,0,0,1,0
Bacteria,Bacteria,Proteobacteria,Gammaproteobacteria,Pseudomonadales,Pseudomonadaceae,Pseudomonas,Pseu_Pseudomonas,1,0,4,1,12,4
Bacteria,Bacteria,Proteobacteria,Gammaproteobacteria,Xanthomonadales,Rhodanobacteraceae,Dokdonella,Rhod_Dokdonella,0,0,0,0,1,0
Bacteria,Bacteria,Proteobacteria,Gammaproteobacteria,Xanthomonadales,Xanthomonadaceae,Lysobacter,Xant_Lysobacter,0,0,0,0,1,0
Bacteria,Bacteria,Proteobacteria,Gammaproteobacteria,Xanthomonadales,Xanthomonadaceae,Pseudoxanthomonas,Xant_Pseudoxanthomonas,0,0,0,0,1,0
Bacteria,Bacteria,Proteobacteria,Gammaproteobacteria,Xanthomonadales,Xanthomonadaceae,Thermomonas,Xant_Thermomonas,1,1,0,0,1,1
Bacteria,Bacteria,Proteobacteria,Oligoflexia,Bdellovibrionales,Bdellovibrionaceae,Bdellovibrio,Bdel_Bdellovibrio,1,0,0,0,0,0
Bacteria,Bacteria,Spirochaetes,Spirochaetia,Spirochaetales,Spirochaetaceae,Sphaerochaeta,Spir_Sphaerochaeta,0,0,0,0,0,1
Bacteria,Bacteria,Tenericutes,Mollicutes,Anaeroplasmatales,Anaeroplasmataceae,Anaeroplasma,Anae_Anaeroplasma,0,0,1,0,0,0
Bacteria,Bacteria,Verrucomicrobia,Opitutae,Opitutales,Opitutaceae,Lacunisphaera,Opit_Lacunisphaera,1,0,0,0,0,1
Bacteria,Bacteria,Verrucomicrobia,Verrucomicrobiae,Verrucomicrobiales,Verrucomicrobiaceae,Luteolibacter,Verr_Luteolibacter,0,0,0,0,1,0
Bacteria,Bacteria,Verrucomicrobia,Verrucomicrobiae,Verrucomicrobiales,Verrucomicrobiaceae,Prosthecobacter,Verr_Prosthecobacter,0,0,0,0,1,0
Eukaryota,Eukaryota,Cercozoa,Thecofilosea,Cryomonadida,Rhogostomidae,Rhogostoma,Rhog_Rhogostoma,1,0,1,0,0,0
Eukaryota,Eukaryota,Ciliophora,Oligohymenophorea,Sessilida,Opisthonectidae,Telotrochidium,Opis_Telotrochidium,0,0,1,0,0,0
Eukaryota,Eukaryota,Ciliophora,Prostomatea,Prorodontida,Prorodontidae,Prorodon,Pror_Prorodon,0,1,1,2,0,0
Eukaryota,Eukaryota,Ciliophora,Spirotrichea,Euplotida,Euplotidae,Euplotes,Eupl_Euplotes,0,0,0,3,0,0
Eukaryota,Eukaryota,Euglenozoa,,Petalomonadida,Scytomonadidae,Petalomonas,Scyt_Petalomonas,0,0,1,0,0,0
Eukaryota,Eukaryota,Tubulinea,Elardia,Arcellinida,Arcellidae,Arcella,Arce_Arcella,0,0,0,0,1,0
