Superkingdom,Kingdom,Phylum,Class,Order,Family,Genus,Family_Genus,ERR1341804,ERR1341803
Archaea,Archaea,Euryarchaeota,Methanomicrobia,Methanomicrobiales,Methanocorpusculaceae,Methanocalculus,Meth_Methanocalculus,112,21
Archaea,Archaea,Euryarchaeota,Methanomicrobia,Methanomicrobiales,Methanocorpusculaceae,Methanocorpusculum,Meth_Methanocorpusculum,22,599
Archaea,Archaea,Euryarchaeota,Methanomicrobia,Methanomicrobiales,Methanomicrobiaceae,Methanoculleus,Meth_Methanoculleus,20,62
Archaea,Archaea,Euryarchaeota,Methanomicrobia,Methanomicrobiales,Methanomicrobiaceae,Methanogenium,Meth_Methanogenium,156,91
Archaea,Archaea,Euryarchaeota,Methanomicrobia,Methanomicrobiales,Methanomicrobiaceae,Methanoplanus,Meth_Methanoplanus,14,70
Archaea,Archaea,Euryarchaeota,Methanomicrobia,Methanomicrobiales,Methanoregulaceae,Methanolinea,Meth_Methanolinea,1,3
Archaea,Archaea,Euryarchaeota,Methanomicrobia,Methanomicrobiales,Methanospirillaceae,Methanospirillum,Meth_Methanospirillum,4,2
Archaea,Archaea,Euryarchaeota,Methanomicrobia,Methanosarcinales,Methanosaetaceae,Methanosaeta,Meth_Methanosaeta,137,30
Archaea,Archaea,Euryarchaeota,Methanomicrobia,Methanosarcinales,Methanosarcinaceae,Methanococcoides,Meth_Methanococcoides,6,19
Archaea,Archaea,Euryarchaeota,Methanomicrobia,Methanosarcinales,Methanosarcinaceae,Methanohalophilus,Meth_Methanohalophilus,1,5
Archaea,Archaea,Euryarchaeota,Methanomicrobia,Methanosarcinales,Methanosarcinaceae,Methanolobus,Meth_Methanolobus,29,120
Archaea,Archaea,Euryarchaeota,Methanomicrobia,Methanosarcinales,Methanosarcinaceae,Methanomethylovorans,Meth_Methanomethylovorans,1,7
Archaea,Archaea,Euryarchaeota,Methanomicrobia,Methanosarcinales,Methanosarcinaceae,Methanosalsum,Meth_Methanosalsum,0,5
Archaea,Archaea,Euryarchaeota,Methanomicrobia,Methanosarcinales,Methanosarcinaceae,Methanosarcina,Meth_Methanosarcina,157,183
Bacteria,Bacteria,Actinobacteria,Acidimicrobiia,Acidimicrobiales,Iamiaceae,Iamia,Iami_Iamia,1,0
Bacteria,Bacteria,Actinobacteria,Actinobacteria,Actinomycetales,Actinomycetaceae,Actinomyces,Acti_Actinomyces,1,3
Bacteria,Bacteria,Actinobacteria,Actinobacteria,Actinomycetales,Actinomycetaceae,Arcanobacterium,Acti_Arcanobacterium,0,1
Bacteria,Bacteria,Actinobacteria,Actinobacteria,Actinomycetales,Actinomycetaceae,Trueperella,Acti_Trueperella,0,1
Bacteria,Bacteria,Actinobacteria,Actinobacteria,Actinomycetales,Actinosynnemataceae,Actinokineospora,Acti_Actinokineospora,0,1
Bacteria,Bacteria,Actinobacteria,Actinobacteria,Actinomycetales,Actinosynnemataceae,Amycolatopsis,Acti_Amycolatopsis,0,1
Bacteria,Bacteria,Actinobacteria,Actinobacteria,Actinomycetales,Beutenbergiaceae,Salana,Beut_Salana,0,2
Bacteria,Bacteria,Actinobacteria,Actinobacteria,Actinomycetales,Bogoriellaceae,Georgenia,Bogo_Georgenia,0,1
Bacteria,Bacteria,Actinobacteria,Actinobacteria,Actinomycetales,Brevibacteriaceae,Brevibacterium,Brev_Brevibacterium,0,5
Bacteria,Bacteria,Actinobacteria,Actinobacteria,Actinomycetales,Cellulomonadaceae,Cellulomonas,Cell_Cellulomonas,0,1
Bacteria,Bacteria,Actinobacteria,Actinobacteria,Actinomycetales,Cellulomonadaceae,Demequina,Cell_Demequina,0,3
Bacteria,Bacteria,Actinobacteria,Actinobacteria,Actinomycetales,Corynebacteriaceae,Corynebacterium,Cory_Corynebacterium,7,42
Bacteria,Bacteria,Actinobacteria,Actinobacteria,Actinomycetales,Dermabacteraceae,Brachybacterium,Derm_Brachybacterium,1,0
Bacteria,Bacteria,Actinobacteria,Actinobacteria,Actinomycetales,Dermabacteraceae,Dermabacter,Derm_Dermabacter,0,1
Bacteria,Bacteria,Actinobacteria,Actinobacteria,Actinomycetales,Dermacoccaceae,Dermacoccus,Derm_Dermacoccus,5,11
Bacteria,Bacteria,Actinobacteria,Actinobacteria,Actinomycetales,Dermatophilaceae,Dermatophilus,Derm_Dermatophilus,0,5
Bacteria,Bacteria,Actinobacteria,Actinobacteria,Actinomycetales,Dermatophilaceae,Kineosphaera,Derm_Kineosphaera,0,3
Bacteria,Bacteria,Actinobacteria,Actinobacteria,Actinomycetales,Dermatophilaceae,Piscicoccus,Derm_Piscicoccus,0,1
Bacteria,Bacteria,Actinobacteria,Actinobacteria,Actinomycetales,Dietziaceae,Dietzia,Diet_Dietzia,29,25
Bacteria,Bacteria,Actinobacteria,Actinobacteria,Actinomycetales,Gordoniaceae,Gordonia,Gord_Gordonia,5,3
Bacteria,Bacteria,Actinobacteria,Actinobacteria,Actinomycetales,Gordoniaceae,Millisia,Gord_Millisia,0,1
Bacteria,Bacteria,Actinobacteria,Actinobacteria,Actinomycetales,Intrasporangiaceae,Arsenicicoccus,Intr_Arsenicicoccus,2,11
Bacteria,Bacteria,Actinobacteria,Actinobacteria,Actinomycetales,Intrasporangiaceae,Intrasporangium,Intr_Intrasporangium,1,9
Bacteria,Bacteria,Actinobacteria,Actinobacteria,Actinomycetales,Intrasporangiaceae,Janibacter,Intr_Janibacter,4,11
Bacteria,Bacteria,Actinobacteria,Actinobacteria,Actinomycetales,Intrasporangiaceae,Knoellia,Intr_Knoellia,1,1
Bacteria,Bacteria,Actinobacteria,Actinobacteria,Actinomycetales,Intrasporangiaceae,Kytococcus,Intr_Kytococcus,0,2
Bacteria,Bacteria,Actinobacteria,Actinobacteria,Actinomycetales,Intrasporangiaceae,Marihabitans,Intr_Marihabitans,0,3
Bacteria,Bacteria,Actinobacteria,Actinobacteria,Actinomycetales,Intrasporangiaceae,Phycicoccus,Intr_Phycicoccus,0,1
Bacteria,Bacteria,Actinobacteria,Actinobacteria,Actinomycetales,Intrasporangiaceae,Serinicoccus,Intr_Serinicoccus,2,3
Bacteria,Bacteria,Actinobacteria,Actinobacteria,Actinomycetales,Intrasporangiaceae,Tetrasphaera,Intr_Tetrasphaera,0,1
Bacteria,Bacteria,Actinobacteria,Actinobacteria,Actinomycetales,Jonesiaceae,Jonesia,Jone_Jonesia,1,9
Bacteria,Bacteria,Actinobacteria,Actinobacteria,Actinomycetales,Microbacteriaceae,Agrococcus,Micr_Agrococcus,3,2
Bacteria,Bacteria,Actinobacteria,Actinobacteria,Actinomycetales,Microbacteriaceae,Agromyces,Micr_Agromyces,3,0
Bacteria,Bacteria,Actinobacteria,Actinobacteria,Actinomycetales,Microbacteriaceae,Clavibacter,Micr_Clavibacter,1,1
Bacteria,Bacteria,Actinobacteria,Actinobacteria,Actinomycetales,Microbacteriaceae,Curtobacterium,Micr_Curtobacterium,0,3
Bacteria,Bacteria,Actinobacteria,Actinobacteria,Actinomycetales,Microbacteriaceae,Leucobacter,Micr_Leucobacter,10,18
Bacteria,Bacteria,Actinobacteria,Actinobacteria,Actinomycetales,Microbacteriaceae,Microbacterium,Micr_Microbacterium,3,6
Bacteria,Bacteria,Actinobacteria,Actinobacteria,Actinomycetales,Microbacteriaceae,Mycetocola,Micr_Mycetocola,1,1
Bacteria,Bacteria,Actinobacteria,Actinobacteria,Actinomycetales,Microbacteriaceae,Pseudoclavibacter,Micr_Pseudoclavibacter,0,2
Bacteria,Bacteria,Actinobacteria,Actinobacteria,Actinomycetales,Microbacteriaceae,Rathayibacter,Micr_Rathayibacter,2,5
Bacteria,Bacteria,Actinobacteria,Actinobacteria,Actinomycetales,Microbacteriaceae,Salinibacterium,Micr_Salinibacterium,0,3
Bacteria,Bacteria,Actinobacteria,Actinobacteria,Actinomycetales,Micrococcaceae,Arthrobacter,Micr_Arthrobacter,3,19
Bacteria,Bacteria,Actinobacteria,Actinobacteria,Actinomycetales,Micrococcaceae,Kocuria,Micr_Kocuria,0,33
Bacteria,Bacteria,Actinobacteria,Actinobacteria,Actinomycetales,Micrococcaceae,Microbispora,Micr_Microbispora,0,3
Bacteria,Bacteria,Actinobacteria,Actinobacteria,Actinomycetales,Micrococcaceae,Micrococcus,Micr_Micrococcus,1,11
Bacteria,Bacteria,Actinobacteria,Actinobacteria,Actinomycetales,Micrococcaceae,Nesterenkonia,Micr_Nesterenkonia,0,6
Bacteria,Bacteria,Actinobacteria,Actinobacteria,Actinomycetales,Micrococcaceae,Renibacterium,Micr_Renibacterium,0,1
Bacteria,Bacteria,Actinobacteria,Actinobacteria,Actinomycetales,Micrococcaceae,Rothia,Micr_Rothia,0,19
Bacteria,Bacteria,Actinobacteria,Actinobacteria,Actinomycetales,Micromonosporaceae,Pilimelia,Micr_Pilimelia,0,2
Bacteria,Bacteria,Actinobacteria,Actinobacteria,Actinomycetales,Mycobacteriaceae,Mycobacterium,Myco_Mycobacterium,2,2
Bacteria,Bacteria,Actinobacteria,Actinobacteria,Actinomycetales,Nocardiaceae,Nocardia,Noca_Nocardia,3,1
Bacteria,Bacteria,Actinobacteria,Actinobacteria,Actinomycetales,Nocardiaceae,Rhodococcus,Noca_Rhodococcus,13,2
Bacteria,Bacteria,Actinobacteria,Actinobacteria,Actinomycetales,Nocardioidaceae,Aeromicrobium,Noca_Aeromicrobium,0,2
Bacteria,Bacteria,Actinobacteria,Actinobacteria,Actinomycetales,Nocardioidaceae,Propionicimonas,Noca_Propionicimonas,0,4
Bacteria,Bacteria,Actinobacteria,Actinobacteria,Actinomycetales,Promicromonosporaceae,Cellulosimicrobium,Prom_Cellulosimicrobium,0,1
Bacteria,Bacteria,Actinobacteria,Actinobacteria,Actinomycetales,Promicromonosporaceae,Luteimicrobium,Prom_Luteimicrobium,0,3
Bacteria,Bacteria,Actinobacteria,Actinobacteria,Actinomycetales,Propionibacteriaceae,Brooklawnia,Prop_Brooklawnia,0,1
Bacteria,Bacteria,Actinobacteria,Actinobacteria,Actinomycetales,Propionibacteriaceae,Luteococcus,Prop_Luteococcus,0,16
Bacteria,Bacteria,Actinobacteria,Actinobacteria,Actinomycetales,Propionibacteriaceae,Tessaracoccus,Prop_Tessaracoccus,0,10
Bacteria,Bacteria,Actinobacteria,Actinobacteria,Actinomycetales,Pseudonocardiaceae,Actinomycetospora,Pseu_Actinomycetospora,0,1
Bacteria,Bacteria,Actinobacteria,Actinobacteria,Actinomycetales,Pseudonocardiaceae,Amycolatopsis,Pseu_Amycolatopsis,1,0
Bacteria,Bacteria,Actinobacteria,Actinobacteria,Actinomycetales,Pseudonocardiaceae,Saccharopolyspora,Pseu_Saccharopolyspora,0,1
Bacteria,Bacteria,Actinobacteria,Actinobacteria,Actinomycetales,Rarobacteraceae,Rarobacter,Raro_Rarobacter,0,2
Bacteria,Bacteria,Actinobacteria,Actinobacteria,Actinomycetales,Sanguibacteraceae,Sanguibacter,Sang_Sanguibacter,2,12
Bacteria,Bacteria,Actinobacteria,Actinobacteria,Actinomycetales,Streptomycetaceae,Streptomyces,Stre_Streptomyces,1,5
Bacteria,Bacteria,Actinobacteria,Actinobacteria,Actinomycetales,Williamsiaceae,Williamsia,Will_Williamsia,1,1
Bacteria,Bacteria,Actinobacteria,Coriobacteriia,Coriobacteriales,Coriobacteriaceae,Atopobium,Cori_Atopobium,0,1
Bacteria,Bacteria,Actinobacteria,Coriobacteriia,Coriobacteriales,Coriobacteriaceae,Eggerthella,Cori_Eggerthella,0,2
Bacteria,Bacteria,Bacteroidetes,Bacteroidia,Bacteroidales,Bacteroidaceae,Bacteroides,Bact_Bacteroides,9,162
Bacteria,Bacteria,Bacteroidetes,Bacteroidia,Bacteroidales,Marinilabiaceae,Anaerophaga,Mari_Anaerophaga,0,1
Bacteria,Bacteria,Bacteroidetes,Bacteroidia,Bacteroidales,Marinilabiaceae,Cytophaga,Mari_Cytophaga,0,15
Bacteria,Bacteria,Bacteroidetes,Bacteroidia,Bacteroidales,Marinilabiaceae,Ruminofilibacter,Mari_Ruminofilibacter,1,2
Bacteria,Bacteria,Bacteroidetes,Bacteroidia,Bacteroidales,Odoribacteraceae,Butyricimonas,Odor_Butyricimonas,0,2
Bacteria,Bacteria,Bacteroidetes,Bacteroidia,Bacteroidales,Odoribacteraceae,Odoribacter,Odor_Odoribacter,0,2
Bacteria,Bacteria,Bacteroidetes,Bacteroidia,Bacteroidales,Porphyromonadaceae,Dysgonomonas,Porp_Dysgonomonas,0,12
Bacteria,Bacteria,Bacteroidetes,Bacteroidia,Bacteroidales,Porphyromonadaceae,Paludibacter,Porp_Paludibacter,16,1018
Bacteria,Bacteria,Bacteroidetes,Bacteroidia,Bacteroidales,Porphyromonadaceae,Parabacteroides,Porp_Parabacteroides,0,24
Bacteria,Bacteria,Bacteroidetes,Bacteroidia,Bacteroidales,Porphyromonadaceae,Porphyromonas,Porp_Porphyromonas,0,4
Bacteria,Bacteria,Bacteroidetes,Bacteroidia,Bacteroidales,Porphyromonadaceae,Tannerella,Porp_Tannerella,0,1
Bacteria,Bacteria,Bacteroidetes,Bacteroidia,Bacteroidales,Prevotellaceae,Prevotella,Prev_Prevotella,0,3
Bacteria,Bacteria,Bacteroidetes,Bacteroidia,Bacteroidales,Rikenellaceae,Rikenella,Rike_Rikenella,6,10
Bacteria,Bacteria,Bacteroidetes,Cytophagia,Cytophagales,Cyclobacteriaceae,Algoriphagus,Cycl_Algoriphagus,0,1
Bacteria,Bacteria,Bacteroidetes,Cytophagia,Cytophagales,Cyclobacteriaceae,Belliella,Cycl_Belliella,0,1
Bacteria,Bacteria,Bacteroidetes,Cytophagia,Cytophagales,Cyclobacteriaceae,Echinicola,Cycl_Echinicola,0,1
Bacteria,Bacteria,Bacteroidetes,Cytophagia,Cytophagales,Cyclobacteriaceae,Nitritalea,Cycl_Nitritalea,0,1
Bacteria,Bacteria,Bacteroidetes,Cytophagia,Cytophagales,Cytophagaceae,Dyadobacter,Cyto_Dyadobacter,0,3
Bacteria,Bacteria,Bacteroidetes,Cytophagia,Cytophagales,Cytophagaceae,Hymenobacter,Cyto_Hymenobacter,0,1
Bacteria,Bacteria,Bacteroidetes,Cytophagia,Cytophagales,Cytophagaceae,Leadbetterella,Cyto_Leadbetterella,0,2
Bacteria,Bacteria,Bacteroidetes,Cytophagia,Cytophagales,Cytophagaceae,Pontibacter,Cyto_Pontibacter,0,1
Bacteria,Bacteria,Bacteroidetes,Cytophagia,Cytophagales,Cytophagaceae,Sporocytophaga,Cyto_Sporocytophaga,0,1
Bacteria,Bacteria,Bacteroidetes,Cytophagia,Cytophagales,Flammeovirgaceae,Roseivirga,Flam_Roseivirga,0,1
Bacteria,Bacteria,Bacteroidetes,Flavobacteriia,Flavobacteriales,Cryomorphaceae,Brumimicrobium,Cryo_Brumimicrobium,6,49
Bacteria,Bacteria,Bacteroidetes,Flavobacteriia,Flavobacteriales,Cryomorphaceae,Crocinitomix,Cryo_Crocinitomix,2,2
Bacteria,Bacteria,Bacteroidetes,Flavobacteriia,Flavobacteriales,Cryomorphaceae,Cryomorpha,Cryo_Cryomorpha,22,13
Bacteria,Bacteria,Bacteroidetes,Flavobacteriia,Flavobacteriales,Cryomorphaceae,Fluviicola,Cryo_Fluviicola,1,31
Bacteria,Bacteria,Bacteroidetes,Flavobacteriia,Flavobacteriales,Cryomorphaceae,Owenweeksia,Cryo_Owenweeksia,0,6
Bacteria,Bacteria,Bacteroidetes,Flavobacteriia,Flavobacteriales,Flavobacteriaceae,Aequorivita,Flav_Aequorivita,39,335
Bacteria,Bacteria,Bacteroidetes,Flavobacteriia,Flavobacteriales,Flavobacteriaceae,Algibacter,Flav_Algibacter,0,8
Bacteria,Bacteria,Bacteroidetes,Flavobacteriia,Flavobacteriales,Flavobacteriaceae,Antarcticimonas,Flav_Antarcticimonas,0,1
Bacteria,Bacteria,Bacteroidetes,Flavobacteriia,Flavobacteriales,Flavobacteriaceae,Aquimarina,Flav_Aquimarina,0,1
Bacteria,Bacteria,Bacteroidetes,Flavobacteriia,Flavobacteriales,Flavobacteriaceae,Arenibacter,Flav_Arenibacter,18,35
Bacteria,Bacteria,Bacteroidetes,Flavobacteriia,Flavobacteriales,Flavobacteriaceae,Bizionia,Flav_Bizionia,1,79
Bacteria,Bacteria,Bacteroidetes,Flavobacteriia,Flavobacteriales,Flavobacteriaceae,Capnocytophaga,Flav_Capnocytophaga,0,2
Bacteria,Bacteria,Bacteroidetes,Flavobacteriia,Flavobacteriales,Flavobacteriaceae,Cellulophaga,Flav_Cellulophaga,4,9
Bacteria,Bacteria,Bacteroidetes,Flavobacteriia,Flavobacteriales,Flavobacteriaceae,Coccinimonas,Flav_Coccinimonas,0,3
Bacteria,Bacteria,Bacteroidetes,Flavobacteriia,Flavobacteriales,Flavobacteriaceae,Costertonia,Flav_Costertonia,0,1
Bacteria,Bacteria,Bacteroidetes,Flavobacteriia,Flavobacteriales,Flavobacteriaceae,Croceimarina,Flav_Croceimarina,0,11
Bacteria,Bacteria,Bacteroidetes,Flavobacteriia,Flavobacteriales,Flavobacteriaceae,Flavobacterium,Flav_Flavobacterium,22,419
Bacteria,Bacteria,Bacteroidetes,Flavobacteriia,Flavobacteriales,Flavobacteriaceae,Formosa,Flav_Formosa,1,9
Bacteria,Bacteria,Bacteroidetes,Flavobacteriia,Flavobacteriales,Flavobacteriaceae,Gaetbulibacter,Flav_Gaetbulibacter,0,2
Bacteria,Bacteria,Bacteroidetes,Flavobacteriia,Flavobacteriales,Flavobacteriaceae,Gelidibacter,Flav_Gelidibacter,76,158
Bacteria,Bacteria,Bacteroidetes,Flavobacteriia,Flavobacteriales,Flavobacteriaceae,Gillisia,Flav_Gillisia,1,36
Bacteria,Bacteria,Bacteroidetes,Flavobacteriia,Flavobacteriales,Flavobacteriaceae,Gramella,Flav_Gramella,1,16
Bacteria,Bacteria,Bacteroidetes,Flavobacteriia,Flavobacteriales,Flavobacteriaceae,Hyunsoonleella,Flav_Hyunsoonleella,1,6
Bacteria,Bacteria,Bacteroidetes,Flavobacteriia,Flavobacteriales,Flavobacteriaceae,Imtechella,Flav_Imtechella,0,1
Bacteria,Bacteria,Bacteroidetes,Flavobacteriia,Flavobacteriales,Flavobacteriaceae,Kordia,Flav_Kordia,1,21
Bacteria,Bacteria,Bacteroidetes,Flavobacteriia,Flavobacteriales,Flavobacteriaceae,Kriegella,Flav_Kriegella,1,8
Bacteria,Bacteria,Bacteroidetes,Flavobacteriia,Flavobacteriales,Flavobacteriaceae,Krokinobacter,Flav_Krokinobacter,1,12
Bacteria,Bacteria,Bacteroidetes,Flavobacteriia,Flavobacteriales,Flavobacteriaceae,Lacinutrix,Flav_Lacinutrix,0,2
Bacteria,Bacteria,Bacteroidetes,Flavobacteriia,Flavobacteriales,Flavobacteriaceae,Leeuwenhoekiella,Flav_Leeuwenhoekiella,1,0
Bacteria,Bacteria,Bacteroidetes,Flavobacteriia,Flavobacteriales,Flavobacteriaceae,Lutibacter,Flav_Lutibacter,2,50
Bacteria,Bacteria,Bacteroidetes,Flavobacteriia,Flavobacteriales,Flavobacteriaceae,Maribacter,Flav_Maribacter,0,13
Bacteria,Bacteria,Bacteroidetes,Flavobacteriia,Flavobacteriales,Flavobacteriaceae,Mariniflexile,Flav_Mariniflexile,0,2
Bacteria,Bacteria,Bacteroidetes,Flavobacteriia,Flavobacteriales,Flavobacteriaceae,Mesonia,Flav_Mesonia,1,6
Bacteria,Bacteria,Bacteroidetes,Flavobacteriia,Flavobacteriales,Flavobacteriaceae,Muricauda,Flav_Muricauda,0,3
Bacteria,Bacteria,Bacteroidetes,Flavobacteriia,Flavobacteriales,Flavobacteriaceae,Myroides,Flav_Myroides,2,16
Bacteria,Bacteria,Bacteroidetes,Flavobacteriia,Flavobacteriales,Flavobacteriaceae,Olleya,Flav_Olleya,1,38
Bacteria,Bacteria,Bacteroidetes,Flavobacteriia,Flavobacteriales,Flavobacteriaceae,Polaribacter,Flav_Polaribacter,0,47
Bacteria,Bacteria,Bacteroidetes,Flavobacteriia,Flavobacteriales,Flavobacteriaceae,Pseudozobellia,Flav_Pseudozobellia,0,2
Bacteria,Bacteria,Bacteroidetes,Flavobacteriia,Flavobacteriales,Flavobacteriaceae,Psychroflexus,Flav_Psychroflexus,3,12
Bacteria,Bacteria,Bacteroidetes,Flavobacteriia,Flavobacteriales,Flavobacteriaceae,Psychroserpens,Flav_Psychroserpens,0,7
Bacteria,Bacteria,Bacteroidetes,Flavobacteriia,Flavobacteriales,Flavobacteriaceae,Salegentibacter,Flav_Salegentibacter,0,7
Bacteria,Bacteria,Bacteroidetes,Flavobacteriia,Flavobacteriales,Flavobacteriaceae,Salinimicrobium,Flav_Salinimicrobium,1,27
Bacteria,Bacteria,Bacteroidetes,Flavobacteriia,Flavobacteriales,Flavobacteriaceae,Sediminibacter,Flav_Sediminibacter,0,1
Bacteria,Bacteria,Bacteroidetes,Flavobacteriia,Flavobacteriales,Flavobacteriaceae,Sediminicola,Flav_Sediminicola,0,3
Bacteria,Bacteria,Bacteroidetes,Flavobacteriia,Flavobacteriales,Flavobacteriaceae,Siansivirga,Flav_Siansivirga,0,1
Bacteria,Bacteria,Bacteroidetes,Flavobacteriia,Flavobacteriales,Flavobacteriaceae,Subsaximicrobium,Flav_Subsaximicrobium,0,1
Bacteria,Bacteria,Bacteroidetes,Flavobacteriia,Flavobacteriales,Flavobacteriaceae,Sufflavibacter,Flav_Sufflavibacter,0,2
Bacteria,Bacteria,Bacteroidetes,Flavobacteriia,Flavobacteriales,Flavobacteriaceae,Tamlana,Flav_Tamlana,0,1
Bacteria,Bacteria,Bacteroidetes,Flavobacteriia,Flavobacteriales,Flavobacteriaceae,Tenacibaculum,Flav_Tenacibaculum,0,38
Bacteria,Bacteria,Bacteroidetes,Flavobacteriia,Flavobacteriales,Flavobacteriaceae,Ulvibacter,Flav_Ulvibacter,8,36
Bacteria,Bacteria,Bacteroidetes,Flavobacteriia,Flavobacteriales,Flavobacteriaceae,Vitellibacter,Flav_Vitellibacter,0,2
Bacteria,Bacteria,Bacteroidetes,Flavobacteriia,Flavobacteriales,Flavobacteriaceae,Winogradskyella,Flav_Winogradskyella,2,204
Bacteria,Bacteria,Bacteroidetes,Flavobacteriia,Flavobacteriales,Flavobacteriaceae,Yeosuana,Flav_Yeosuana,0,3
Bacteria,Bacteria,Bacteroidetes,Flavobacteriia,Flavobacteriales,Flavobacteriaceae,Zhouia,Flav_Zhouia,4,2
Bacteria,Bacteria,Bacteroidetes,Flavobacteriia,Flavobacteriales,Weeksellaceae,Chryseobacterium,Week_Chryseobacterium,5,101
Bacteria,Bacteria,Bacteroidetes,Flavobacteriia,Flavobacteriales,Weeksellaceae,Cloacibacterium,Week_Cloacibacterium,0,2
Bacteria,Bacteria,Bacteroidetes,Flavobacteriia,Flavobacteriales,Weeksellaceae,Elizabethkingia,Week_Elizabethkingia,0,1
Bacteria,Bacteria,Bacteroidetes,Flavobacteriia,Flavobacteriales,Weeksellaceae,Ornithobacterium,Week_Ornithobacterium,1,65
Bacteria,Bacteria,Bacteroidetes,Flavobacteriia,Flavobacteriales,Weeksellaceae,Riemerella,Week_Riemerella,0,1
Bacteria,Bacteria,Bacteroidetes,Flavobacteriia,Flavobacteriales,Weeksellaceae,Wautersiella,Week_Wautersiella,0,8
Bacteria,Bacteria,Bacteroidetes,Flavobacteriia,Flavobacteriales,Weeksellaceae,Weeksella,Week_Weeksella,0,1
Bacteria,Bacteria,Bacteroidetes,Rhodothermi,Rhodothermales,Balneolaceae,Balneola,Baln_Balneola,35,8
Bacteria,Bacteria,Bacteroidetes,Saprospirae,Saprospirales,Saprospiraceae,Lewinella,Sapr_Lewinella,0,2
Bacteria,Bacteria,Bacteroidetes,Sphingobacteriia,Sphingobacteriales,Sphingobacteriaceae,Pedobacter,Sphi_Pedobacter,0,8
Bacteria,Bacteria,Bacteroidetes,Sphingobacteriia,Sphingobacteriales,Sphingobacteriaceae,Sphingobacterium,Sphi_Sphingobacterium,0,2
Bacteria,Bacteria,Chlamydiae,Chlamydiia,Chlamydiales,Simkaniaceae,Fritschea,Simk_Fritschea,1,0
Bacteria,Bacteria,Chloroflexi,Anaerolineae,Anaerolineales,Anaerolinaceae,Anaerolinea,Anae_Anaerolinea,3,0
Bacteria,Bacteria,Chloroflexi,Anaerolineae,Anaerolineales,Anaerolinaceae,Longilinea,Anae_Longilinea,1,2
Bacteria,Bacteria,Chloroflexi,Dehalococcoidetes,Dehalococcoidales,Dehalococcoidaceae,Dehalogenimonas,Deha_Dehalogenimonas,2,0
Bacteria,Bacteria,Chloroflexi,Thermobacula,Thermobaculales,Thermobaculaceae,Thermobaculum,Ther_Thermobaculum,0,1
Bacteria,Bacteria,Deferribacteres,Deferribacteres,Deferribacterales,Deferribacteraceae,Denitrovibrio,Defe_Denitrovibrio,23,0
Bacteria,Bacteria,Deferribacteres,Deferribacteres,Deferribacterales,Deferribacteraceae,Geovibrio,Defe_Geovibrio,1,0
Bacteria,Bacteria,Fibrobacteres,Fibrobacteria,Fibrobacterales,Fibrobacteraceae,Fibrobacter,Fibr_Fibrobacter,0,222
Bacteria,Bacteria,Firmicutes,Bacilli,Bacillales,Alicyclobacillaceae,Alicyclobacillus,Alic_Alicyclobacillus,0,2
Bacteria,Bacteria,Firmicutes,Bacilli,Bacillales,Bacillaceae,Bacillus,Baci_Bacillus,1,29
Bacteria,Bacteria,Firmicutes,Bacilli,Bacillales,Bacillaceae,Marinibacillus,Baci_Marinibacillus,0,1
Bacteria,Bacteria,Firmicutes,Bacilli,Bacillales,Bacillaceae,Ornithinibacillus,Baci_Ornithinibacillus,1,1
Bacteria,Bacteria,Firmicutes,Bacilli,Bacillales,Listeriaceae,Listeria,List_Listeria,0,1
Bacteria,Bacteria,Firmicutes,Bacilli,Bacillales,Paenibacillaceae,Aneurinibacillus,Paen_Aneurinibacillus,0,1
Bacteria,Bacteria,Firmicutes,Bacilli,Bacillales,Paenibacillaceae,Brevibacillus,Paen_Brevibacillus,0,1
Bacteria,Bacteria,Firmicutes,Bacilli,Bacillales,Paenibacillaceae,Paenibacillus,Paen_Paenibacillus,2,1
Bacteria,Bacteria,Firmicutes,Bacilli,Bacillales,Planococcaceae,Lysinibacillus,Plan_Lysinibacillus,0,1
Bacteria,Bacteria,Firmicutes,Bacilli,Bacillales,Planococcaceae,Planococcus,Plan_Planococcus,0,7
Bacteria,Bacteria,Firmicutes,Bacilli,Bacillales,Planococcaceae,Planomicrobium,Plan_Planomicrobium,0,12
Bacteria,Bacteria,Firmicutes,Bacilli,Bacillales,Planococcaceae,Sporosarcina,Plan_Sporosarcina,1,0
Bacteria,Bacteria,Firmicutes,Bacilli,Bacillales,Sporolactobacillaceae,Sporolactobacillus,Spor_Sporolactobacillus,0,1
Bacteria,Bacteria,Firmicutes,Bacilli,Bacillales,Staphylococcaceae,Jeotgalicoccus,Stap_Jeotgalicoccus,0,1
Bacteria,Bacteria,Firmicutes,Bacilli,Bacillales,Staphylococcaceae,Macrococcus,Stap_Macrococcus,1,2
Bacteria,Bacteria,Firmicutes,Bacilli,Bacillales,Staphylococcaceae,Salinicoccus,Stap_Salinicoccus,4,11
Bacteria,Bacteria,Firmicutes,Bacilli,Bacillales,Staphylococcaceae,Staphylococcus,Stap_Staphylococcus,0,3
Bacteria,Bacteria,Firmicutes,Bacilli,Lactobacillales,Aerococcaceae,Aerococcus,Aero_Aerococcus,0,13
Bacteria,Bacteria,Firmicutes,Bacilli,Lactobacillales,Aerococcaceae,Alkalibacterium,Aero_Alkalibacterium,0,5
Bacteria,Bacteria,Firmicutes,Bacilli,Lactobacillales,Aerococcaceae,Alloiococcus,Aero_Alloiococcus,0,1
Bacteria,Bacteria,Firmicutes,Bacilli,Lactobacillales,Aerococcaceae,Facklamia,Aero_Facklamia,2,7
Bacteria,Bacteria,Firmicutes,Bacilli,Lactobacillales,Carnobacteriaceae,Carnobacterium,Carn_Carnobacterium,2,55
Bacteria,Bacteria,Firmicutes,Bacilli,Lactobacillales,Carnobacteriaceae,Granulicatella,Carn_Granulicatella,0,11
Bacteria,Bacteria,Firmicutes,Bacilli,Lactobacillales,Carnobacteriaceae,Isobaculum,Carn_Isobaculum,0,1
Bacteria,Bacteria,Firmicutes,Bacilli,Lactobacillales,Carnobacteriaceae,Trichococcus,Carn_Trichococcus,3,116
Bacteria,Bacteria,Firmicutes,Bacilli,Lactobacillales,Enterococcaceae,Enterococcus,Ente_Enterococcus,3,9
Bacteria,Bacteria,Firmicutes,Bacilli,Lactobacillales,Enterococcaceae,Vagococcus,Ente_Vagococcus,1,13
Bacteria,Bacteria,Firmicutes,Bacilli,Lactobacillales,Lactobacillaceae,Lactobacillus,Lact_Lactobacillus,0,4
Bacteria,Bacteria,Firmicutes,Bacilli,Lactobacillales,Leuconostocaceae,Leuconostoc,Leuc_Leuconostoc,0,2
Bacteria,Bacteria,Firmicutes,Bacilli,Lactobacillales,Streptococcaceae,Lactococcus,Stre_Lactococcus,0,9
Bacteria,Bacteria,Firmicutes,Bacilli,Lactobacillales,Streptococcaceae,Streptococcus,Stre_Streptococcus,1,9
Bacteria,Bacteria,Firmicutes,Clostridia,Clostridiales,Acidaminobacteraceae,Acidaminobacter,Acid_Acidaminobacter,0,3
Bacteria,Bacteria,Firmicutes,Clostridia,Clostridiales,Acidaminobacteraceae,Fusibacter,Acid_Fusibacter,1,155
Bacteria,Bacteria,Firmicutes,Clostridia,Clostridiales,Acidaminobacteraceae,Guggenheimella,Acid_Guggenheimella,16,13
Bacteria,Bacteria,Firmicutes,Clostridia,Clostridiales,Caldicoprobacteraceae,Caldicoprobacter,Cald_Caldicoprobacter,0,4
Bacteria,Bacteria,Firmicutes,Clostridia,Clostridiales,Clostridiaceae,Caldanaerocella,Clos_Caldanaerocella,0,1
Bacteria,Bacteria,Firmicutes,Clostridia,Clostridiales,Clostridiaceae,Caloramator,Clos_Caloramator,14,39
Bacteria,Bacteria,Firmicutes,Clostridia,Clostridiales,Clostridiaceae,Clostridiisalibacter,Clos_Clostridiisalibacter,0,2
Bacteria,Bacteria,Firmicutes,Clostridia,Clostridiales,Clostridiaceae,Clostridium,Clos_Clostridium,141,380
Bacteria,Bacteria,Firmicutes,Clostridia,Clostridiales,Clostridiaceae,Proteiniclasticum,Clos_Proteiniclasticum,137,400
Bacteria,Bacteria,Firmicutes,Clostridia,Clostridiales,Dehalobacteriaceae,Dehalobacterium,Deha_Dehalobacterium,0,6
Bacteria,Bacteria,Firmicutes,Clostridia,Clostridiales,Eubacteriaceae,Acetobacterium,Euba_Acetobacterium,2,8
Bacteria,Bacteria,Firmicutes,Clostridia,Clostridiales,Eubacteriaceae,Alkalibacter,Euba_Alkalibacter,8,0
Bacteria,Bacteria,Firmicutes,Clostridia,Clostridiales,Eubacteriaceae,Garciella,Euba_Garciella,2,0
Bacteria,Bacteria,Firmicutes,Clostridia,Clostridiales,Gracilibacteraceae,Gracilibacter,Grac_Gracilibacter,0,1
Bacteria,Bacteria,Firmicutes,Clostridia,Clostridiales,Lachnospiraceae,Anaerostipes,Lach_Anaerostipes,0,3
Bacteria,Bacteria,Firmicutes,Clostridia,Clostridiales,Lachnospiraceae,Blautia,Lach_Blautia,0,6
Bacteria,Bacteria,Firmicutes,Clostridia,Clostridiales,Lachnospiraceae,Clostridium,Lach_Clostridium,0,3
Bacteria,Bacteria,Firmicutes,Clostridia,Clostridiales,Lachnospiraceae,Coprococcus,Lach_Coprococcus,1,17
Bacteria,Bacteria,Firmicutes,Clostridia,Clostridiales,Lachnospiraceae,Dorea,Lach_Dorea,0,4
Bacteria,Bacteria,Firmicutes,Clostridia,Clostridiales,Lachnospiraceae,Lachnobacterium,Lach_Lachnobacterium,0,2
Bacteria,Bacteria,Firmicutes,Clostridia,Clostridiales,Lachnospiraceae,Lachnospira,Lach_Lachnospira,0,1
Bacteria,Bacteria,Firmicutes,Clostridia,Clostridiales,Lachnospiraceae,Oribacterium,Lach_Oribacterium,0,1
Bacteria,Bacteria,Firmicutes,Clostridia,Clostridiales,Lachnospiraceae,Ruminococcus,Lach_Ruminococcus,0,1
Bacteria,Bacteria,Firmicutes,Clostridia,Clostridiales,Lachnospiraceae,Shuttleworthia,Lach_Shuttleworthia,0,1
Bacteria,Bacteria,Firmicutes,Clostridia,Clostridiales,Mogibacteriaceae,Anaerovorax,Mogi_Anaerovorax,59,72
Bacteria,Bacteria,Firmicutes,Clostridia,Clostridiales,Mogibacteriaceae,Mogibacterium,Mogi_Mogibacterium,3,17
Bacteria,Bacteria,Firmicutes,Clostridia,Clostridiales,Peptococcaceae,Desulfonispora,Pept_Desulfonispora,0,31
Bacteria,Bacteria,Firmicutes,Clostridia,Clostridiales,Peptococcaceae,Desulfosporosinus,Pept_Desulfosporosinus,0,7
Bacteria,Bacteria,Firmicutes,Clostridia,Clostridiales,Peptococcaceae,Desulfotomaculum,Pept_Desulfotomaculum,1,15
Bacteria,Bacteria,Firmicutes,Clostridia,Clostridiales,Peptococcaceae,Peptococcus,Pept_Peptococcus,0,1
Bacteria,Bacteria,Firmicutes,Clostridia,Clostridiales,Peptostreptococcaceae,Clostridium,Pept_Clostridium,0,11
Bacteria,Bacteria,Firmicutes,Clostridia,Clostridiales,Peptostreptococcaceae,Peptostreptococcus,Pept_Peptostreptococcus,0,57
Bacteria,Bacteria,Firmicutes,Clostridia,Clostridiales,Ruminococcaceae,Anaerotruncus,Rumi_Anaerotruncus,0,1
Bacteria,Bacteria,Firmicutes,Clostridia,Clostridiales,Ruminococcaceae,Clostridium,Rumi_Clostridium,1,5
Bacteria,Bacteria,Firmicutes,Clostridia,Clostridiales,Ruminococcaceae,Faecalibacterium,Rumi_Faecalibacterium,0,1
Bacteria,Bacteria,Firmicutes,Clostridia,Clostridiales,Ruminococcaceae,Oscillospira,Rumi_Oscillospira,0,14
Bacteria,Bacteria,Firmicutes,Clostridia,Clostridiales,Ruminococcaceae,Ruminococcus,Rumi_Ruminococcus,0,39
Bacteria,Bacteria,Firmicutes,Clostridia,Clostridiales,Syntrophomonadaceae,Syntrophomonas,Synt_Syntrophomonas,24,27
Bacteria,Bacteria,Firmicutes,Clostridia,Clostridiales,Tissierellaceae,Dethiosulfatibacter,Tiss_Dethiosulfatibacter,1,2
Bacteria,Bacteria,Firmicutes,Clostridia,Clostridiales,Tissierellaceae,Gallicola,Tiss_Gallicola,9,33
Bacteria,Bacteria,Firmicutes,Clostridia,Clostridiales,Tissierellaceae,Parvimonas,Tiss_Parvimonas,0,3
Bacteria,Bacteria,Firmicutes,Clostridia,Clostridiales,Tissierellaceae,Peptoniphilus,Tiss_Peptoniphilus,0,9
Bacteria,Bacteria,Firmicutes,Clostridia,Clostridiales,Tissierellaceae,Sedimentibacter,Tiss_Sedimentibacter,46,152
Bacteria,Bacteria,Firmicutes,Clostridia,Clostridiales,Tissierellaceae,Sporanaerobacter,Tiss_Sporanaerobacter,0,2
Bacteria,Bacteria,Firmicutes,Clostridia,Clostridiales,Tissierellaceae,Tepidimicrobium,Tiss_Tepidimicrobium,2,5
Bacteria,Bacteria,Firmicutes,Clostridia,Clostridiales,Veillonellaceae,Acidaminococcus,Veil_Acidaminococcus,0,31
Bacteria,Bacteria,Firmicutes,Clostridia,Clostridiales,Veillonellaceae,Anaerosinus,Veil_Anaerosinus,0,2
Bacteria,Bacteria,Firmicutes,Clostridia,Clostridiales,Veillonellaceae,Pelosinus,Veil_Pelosinus,0,2
Bacteria,Bacteria,Firmicutes,Clostridia,Clostridiales,Veillonellaceae,Phascolarctobacterium,Veil_Phascolarctobacterium,0,1
Bacteria,Bacteria,Firmicutes,Clostridia,Clostridiales,Veillonellaceae,Sporomusa,Veil_Sporomusa,0,3
Bacteria,Bacteria,Firmicutes,Erysipelotrichi,Erysipelotrichales,Erysipelotrichaceae,Erysipelothrix,Erys_Erysipelothrix,2,20
Bacteria,Bacteria,Firmicutes,Erysipelotrichi,Erysipelotrichales,Erysipelotrichaceae,Eubacterium,Erys_Eubacterium,0,5
Bacteria,Bacteria,Fusobacteria,Fusobacteriia,Fusobacteriales,Fusobacteriaceae,Cetobacterium,Fuso_Cetobacterium,0,5
Bacteria,Bacteria,Fusobacteria,Fusobacteriia,Fusobacteriales,Fusobacteriaceae,Fusobacterium,Fuso_Fusobacterium,0,92
Bacteria,Bacteria,Fusobacteria,Fusobacteriia,Fusobacteriales,Fusobacteriaceae,Propionigenium,Fuso_Propionigenium,0,15
Bacteria,Bacteria,Fusobacteria,Fusobacteriia,Fusobacteriales,Fusobacteriaceae,Psychrilyobacter,Fuso_Psychrilyobacter,0,115
Bacteria,Bacteria,Fusobacteria,Fusobacteriia,Fusobacteriales,Leptotrichiaceae,Leptotrichia,Lept_Leptotrichia,0,1
Bacteria,Bacteria,Gemmatimonadetes,Gemmatimonadetes,Gemmatimonadales,Gemmatimonadaceae,Gemmatimonas,Gemm_Gemmatimonas,1,0
Bacteria,Bacteria,Planctomycetes,Planctomycetia,Pirellulales,Pirellulaceae,Rhodopirellula,Pire_Rhodopirellula,2,0
Bacteria,Bacteria,Planctomycetes,Planctomycetia,Planctomycetales,Planctomycetaceae,Planctomyces,Plan_Planctomyces,4,0
Bacteria,Bacteria,Proteobacteria,Alphaproteobacteria,Caulobacterales,Caulobacteraceae,Mycoplana,Caul_Mycoplana,3,0
Bacteria,Bacteria,Proteobacteria,Alphaproteobacteria,Caulobacterales,Caulobacteraceae,Phenylobacterium,Caul_Phenylobacterium,0,1
Bacteria,Bacteria,Proteobacteria,Alphaproteobacteria,Kiloniellales,Kiloniellaceae,Thalassospira,Kilo_Thalassospira,1,0
Bacteria,Bacteria,Proteobacteria,Alphaproteobacteria,Rhizobiales,Bradyrhizobiaceae,Balneimonas,Brad_Balneimonas,0,2
Bacteria,Bacteria,Proteobacteria,Alphaproteobacteria,Rhizobiales,Brucellaceae,Ochrobactrum,Bruc_Ochrobactrum,1,0
Bacteria,Bacteria,Proteobacteria,Alphaproteobacteria,Rhizobiales,Brucellaceae,Pseudochrobactrum,Bruc_Pseudochrobactrum,0,1
Bacteria,Bacteria,Proteobacteria,Alphaproteobacteria,Rhizobiales,Hyphomicrobiaceae,Devosia,Hyph_Devosia,10,0
Bacteria,Bacteria,Proteobacteria,Alphaproteobacteria,Rhizobiales,Hyphomicrobiaceae,Hyphomicrobium,Hyph_Hyphomicrobium,2,0
Bacteria,Bacteria,Proteobacteria,Alphaproteobacteria,Rhizobiales,Hyphomicrobiaceae,Parvibaculum,Hyph_Parvibaculum,140,0
Bacteria,Bacteria,Proteobacteria,Alphaproteobacteria,Rhizobiales,Hyphomicrobiaceae,Pedomicrobium,Hyph_Pedomicrobium,0,1
Bacteria,Bacteria,Proteobacteria,Alphaproteobacteria,Rhizobiales,Hyphomicrobiaceae,Rhodoplanes,Hyph_Rhodoplanes,0,1
Bacteria,Bacteria,Proteobacteria,Alphaproteobacteria,Rhizobiales,Hyphomicrobiaceae,Stappia,Hyph_Stappia,0,1
Bacteria,Bacteria,Proteobacteria,Alphaproteobacteria,Rhizobiales,Methylobacteriaceae,Methylobacterium,Meth_Methylobacterium,1,0
Bacteria,Bacteria,Proteobacteria,Alphaproteobacteria,Rhizobiales,Methylocystaceae,Pleomorphomonas,Meth_Pleomorphomonas,3,2
Bacteria,Bacteria,Proteobacteria,Alphaproteobacteria,Rhizobiales,Phyllobacteriaceae,Aminobacter,Phyl_Aminobacter,1,0
Bacteria,Bacteria,Proteobacteria,Alphaproteobacteria,Rhizobiales,Rhizobiaceae,Agrobacterium,Rhiz_Agrobacterium,1,0
Bacteria,Bacteria,Proteobacteria,Alphaproteobacteria,Rhizobiales,Rhizobiaceae,Rhizobium,Rhiz_Rhizobium,1,0
Bacteria,Bacteria,Proteobacteria,Alphaproteobacteria,Rhizobiales,Rhizobiaceae,Shinella,Rhiz_Shinella,1,0
Bacteria,Bacteria,Proteobacteria,Alphaproteobacteria,Rhizobiales,Rhizobiaceae,Sinorhizobium,Rhiz_Sinorhizobium,1,0
Bacteria,Bacteria,Proteobacteria,Alphaproteobacteria,Rhodobacterales,Hyphomonadaceae,Maricaulis,Hyph_Maricaulis,24,0
Bacteria,Bacteria,Proteobacteria,Alphaproteobacteria,Rhodobacterales,Hyphomonadaceae,Oceanicaulis,Hyph_Oceanicaulis,1,0
Bacteria,Bacteria,Proteobacteria,Alphaproteobacteria,Rhodobacterales,Rhodobacteraceae,Amaricoccus,Rhod_Amaricoccus,3,0
Bacteria,Bacteria,Proteobacteria,Alphaproteobacteria,Rhodobacterales,Rhodobacteraceae,Anaerospora,Rhod_Anaerospora,14,3
Bacteria,Bacteria,Proteobacteria,Alphaproteobacteria,Rhodobacterales,Rhodobacteraceae,Antarctobacter,Rhod_Antarctobacter,1,0
Bacteria,Bacteria,Proteobacteria,Alphaproteobacteria,Rhodobacterales,Rhodobacteraceae,Dinoroseobacter,Rhod_Dinoroseobacter,0,1
Bacteria,Bacteria,Proteobacteria,Alphaproteobacteria,Rhodobacterales,Rhodobacteraceae,Jannaschia,Rhod_Jannaschia,0,2
Bacteria,Bacteria,Proteobacteria,Alphaproteobacteria,Rhodobacterales,Rhodobacteraceae,Loktanella,Rhod_Loktanella,6,4
Bacteria,Bacteria,Proteobacteria,Alphaproteobacteria,Rhodobacterales,Rhodobacteraceae,Maritimibacter,Rhod_Maritimibacter,1,0
Bacteria,Bacteria,Proteobacteria,Alphaproteobacteria,Rhodobacterales,Rhodobacteraceae,Marivita,Rhod_Marivita,0,2
Bacteria,Bacteria,Proteobacteria,Alphaproteobacteria,Rhodobacterales,Rhodobacteraceae,Oceanicella,Rhod_Oceanicella,1,0
Bacteria,Bacteria,Proteobacteria,Alphaproteobacteria,Rhodobacterales,Rhodobacteraceae,Oceanicola,Rhod_Oceanicola,3,1
Bacteria,Bacteria,Proteobacteria,Alphaproteobacteria,Rhodobacterales,Rhodobacteraceae,Oceaniovalibus,Rhod_Oceaniovalibus,2,1
Bacteria,Bacteria,Proteobacteria,Alphaproteobacteria,Rhodobacterales,Rhodobacteraceae,Octadecabacter,Rhod_Octadecabacter,19,39
Bacteria,Bacteria,Proteobacteria,Alphaproteobacteria,Rhodobacterales,Rhodobacteraceae,Paracoccus,Rhod_Paracoccus,32,55
Bacteria,Bacteria,Proteobacteria,Alphaproteobacteria,Rhodobacterales,Rhodobacteraceae,Phaeobacter,Rhod_Phaeobacter,29,25
Bacteria,Bacteria,Proteobacteria,Alphaproteobacteria,Rhodobacterales,Rhodobacteraceae,Piezobacter,Rhod_Piezobacter,1,0
Bacteria,Bacteria,Proteobacteria,Alphaproteobacteria,Rhodobacterales,Rhodobacteraceae,Pseudoruegeria,Rhod_Pseudoruegeria,0,1
Bacteria,Bacteria,Proteobacteria,Alphaproteobacteria,Rhodobacterales,Rhodobacteraceae,Rhodobaca,Rhod_Rhodobaca,0,3
Bacteria,Bacteria,Proteobacteria,Alphaproteobacteria,Rhodobacterales,Rhodobacteraceae,Rhodobacter,Rhod_Rhodobacter,16,67
Bacteria,Bacteria,Proteobacteria,Alphaproteobacteria,Rhodobacterales,Rhodobacteraceae,Roseisalinus,Rhod_Roseisalinus,2,0
Bacteria,Bacteria,Proteobacteria,Alphaproteobacteria,Rhodobacterales,Rhodobacteraceae,Roseivivax,Rhod_Roseivivax,12,5
Bacteria,Bacteria,Proteobacteria,Alphaproteobacteria,Rhodobacterales,Rhodobacteraceae,Roseobacter,Rhod_Roseobacter,2,0
Bacteria,Bacteria,Proteobacteria,Alphaproteobacteria,Rhodobacterales,Rhodobacteraceae,Roseovarius,Rhod_Roseovarius,1,0
Bacteria,Bacteria,Proteobacteria,Alphaproteobacteria,Rhodobacterales,Rhodobacteraceae,Rubellimicrobium,Rhod_Rubellimicrobium,2,0
Bacteria,Bacteria,Proteobacteria,Alphaproteobacteria,Rhodobacterales,Rhodobacteraceae,Ruegeria,Rhod_Ruegeria,1,3
Bacteria,Bacteria,Proteobacteria,Alphaproteobacteria,Rhodobacterales,Rhodobacteraceae,Thalassobacter,Rhod_Thalassobacter,2,4
Bacteria,Bacteria,Proteobacteria,Alphaproteobacteria,Rhodobacterales,Rhodobacteraceae,Thalassococcus,Rhod_Thalassococcus,0,2
Bacteria,Bacteria,Proteobacteria,Alphaproteobacteria,Rhodobacterales,Rhodobacteraceae,Wenxinia,Rhod_Wenxinia,1,0
Bacteria,Bacteria,Proteobacteria,Alphaproteobacteria,Rhodospirillales,Acetobacteraceae,Acidiphilium,Acet_Acidiphilium,1,0
Bacteria,Bacteria,Proteobacteria,Alphaproteobacteria,Rhodospirillales,Acetobacteraceae,Acidisoma,Acet_Acidisoma,0,1
Bacteria,Bacteria,Proteobacteria,Alphaproteobacteria,Rhodospirillales,Rhodospirillaceae,Azospirillum,Rhod_Azospirillum,4,0
Bacteria,Bacteria,Proteobacteria,Alphaproteobacteria,Rhodospirillales,Rhodospirillaceae,Inquilinus,Rhod_Inquilinus,4,0
Bacteria,Bacteria,Proteobacteria,Alphaproteobacteria,Rhodospirillales,Rhodospirillaceae,Oceanibaculum,Rhod_Oceanibaculum,60,0
Bacteria,Bacteria,Proteobacteria,Alphaproteobacteria,Rhodospirillales,Rhodospirillaceae,Skermanella,Rhod_Skermanella,0,1
Bacteria,Bacteria,Proteobacteria,Alphaproteobacteria,Rhodospirillales,Rhodospirillaceae,Telmatospirillum,Rhod_Telmatospirillum,3,0
Bacteria,Bacteria,Proteobacteria,Alphaproteobacteria,Rickettsiales,Rickettsiaceae,Rickettsia,Rick_Rickettsia,1,0
Bacteria,Bacteria,Proteobacteria,Alphaproteobacteria,Sphingomonadales,Erythrobacteraceae,Altererythrobacter,Eryt_Altererythrobacter,0,1
Bacteria,Bacteria,Proteobacteria,Alphaproteobacteria,Sphingomonadales,Erythrobacteraceae,Citromicrobium,Eryt_Citromicrobium,1,0
Bacteria,Bacteria,Proteobacteria,Alphaproteobacteria,Sphingomonadales,Erythrobacteraceae,Erythrobacter,Eryt_Erythrobacter,3,5
Bacteria,Bacteria,Proteobacteria,Alphaproteobacteria,Sphingomonadales,Erythrobacteraceae,Erythromicrobium,Eryt_Erythromicrobium,0,1
Bacteria,Bacteria,Proteobacteria,Alphaproteobacteria,Sphingomonadales,Sphingomonadaceae,Kaistobacter,Sphi_Kaistobacter,3,0
Bacteria,Bacteria,Proteobacteria,Alphaproteobacteria,Sphingomonadales,Sphingomonadaceae,Sphingomonas,Sphi_Sphingomonas,3,2
Bacteria,Bacteria,Proteobacteria,Alphaproteobacteria,Sphingomonadales,Sphingomonadaceae,Sphingopyxis,Sphi_Sphingopyxis,0,1
Bacteria,Bacteria,Proteobacteria,Betaproteobacteria,Burkholderiales,Alcaligenaceae,Achromobacter,Alca_Achromobacter,8,0
Bacteria,Bacteria,Proteobacteria,Betaproteobacteria,Burkholderiales,Alcaligenaceae,Alcaligenes,Alca_Alcaligenes,7,1
Bacteria,Bacteria,Proteobacteria,Betaproteobacteria,Burkholderiales,Alcaligenaceae,Candidimonas,Alca_Candidimonas,5,0
Bacteria,Bacteria,Proteobacteria,Betaproteobacteria,Burkholderiales,Alcaligenaceae,Denitrobacter,Alca_Denitrobacter,7,0
Bacteria,Bacteria,Proteobacteria,Betaproteobacteria,Burkholderiales,Alcaligenaceae,Kerstersia,Alca_Kerstersia,1,0
Bacteria,Bacteria,Proteobacteria,Betaproteobacteria,Burkholderiales,Alcaligenaceae,Paralcaligenes,Alca_Paralcaligenes,3,0
Bacteria,Bacteria,Proteobacteria,Betaproteobacteria,Burkholderiales,Alcaligenaceae,Pigmentiphaga,Alca_Pigmentiphaga,1,0
Bacteria,Bacteria,Proteobacteria,Betaproteobacteria,Burkholderiales,Alcaligenaceae,Sutterella,Alca_Sutterella,1,3
Bacteria,Bacteria,Proteobacteria,Betaproteobacteria,Burkholderiales,Alcaligenaceae,Tetrathiobacter,Alca_Tetrathiobacter,1,0
Bacteria,Bacteria,Proteobacteria,Betaproteobacteria,Burkholderiales,Burkholderiaceae,Burkholderia,Burk_Burkholderia,2,1
Bacteria,Bacteria,Proteobacteria,Betaproteobacteria,Burkholderiales,Burkholderiaceae,Lautropia,Burk_Lautropia,1,0
Bacteria,Bacteria,Proteobacteria,Betaproteobacteria,Burkholderiales,Comamonadaceae,Acidovorax,Coma_Acidovorax,0,3
Bacteria,Bacteria,Proteobacteria,Betaproteobacteria,Burkholderiales,Comamonadaceae,Comamonas,Coma_Comamonas,0,11
Bacteria,Bacteria,Proteobacteria,Betaproteobacteria,Burkholderiales,Comamonadaceae,Delftia,Coma_Delftia,3,1
Bacteria,Bacteria,Proteobacteria,Betaproteobacteria,Burkholderiales,Comamonadaceae,Giesbergeria,Coma_Giesbergeria,0,7
Bacteria,Bacteria,Proteobacteria,Betaproteobacteria,Burkholderiales,Comamonadaceae,Hydrogenophaga,Coma_Hydrogenophaga,2,23
Bacteria,Bacteria,Proteobacteria,Betaproteobacteria,Burkholderiales,Comamonadaceae,Hylemonella,Coma_Hylemonella,1,4
Bacteria,Bacteria,Proteobacteria,Betaproteobacteria,Burkholderiales,Comamonadaceae,Lampropedia,Coma_Lampropedia,0,1
Bacteria,Bacteria,Proteobacteria,Betaproteobacteria,Burkholderiales,Comamonadaceae,Limnohabitans,Coma_Limnohabitans,1,17
Bacteria,Bacteria,Proteobacteria,Betaproteobacteria,Burkholderiales,Comamonadaceae,Methylibium,Coma_Methylibium,2,18
Bacteria,Bacteria,Proteobacteria,Betaproteobacteria,Burkholderiales,Comamonadaceae,Polaromonas,Coma_Polaromonas,1,3
Bacteria,Bacteria,Proteobacteria,Betaproteobacteria,Burkholderiales,Comamonadaceae,Ramlibacter,Coma_Ramlibacter,1,0
Bacteria,Bacteria,Proteobacteria,Betaproteobacteria,Burkholderiales,Comamonadaceae,Rhodoferax,Coma_Rhodoferax,0,4
Bacteria,Bacteria,Proteobacteria,Betaproteobacteria,Burkholderiales,Comamonadaceae,Schlegelella,Coma_Schlegelella,0,3
Bacteria,Bacteria,Proteobacteria,Betaproteobacteria,Burkholderiales,Comamonadaceae,Simplicispira,Coma_Simplicispira,0,2
Bacteria,Bacteria,Proteobacteria,Betaproteobacteria,Burkholderiales,Comamonadaceae,Variovorax,Coma_Variovorax,0,12
Bacteria,Bacteria,Proteobacteria,Betaproteobacteria,Burkholderiales,Comamonadaceae,Verminephrobacter,Coma_Verminephrobacter,0,3
Bacteria,Bacteria,Proteobacteria,Betaproteobacteria,Burkholderiales,Comamonadaceae,Xylophilus,Coma_Xylophilus,0,1
Bacteria,Bacteria,Proteobacteria,Betaproteobacteria,Burkholderiales,Oxalobacteraceae,Cupriavidus,Oxal_Cupriavidus,1,0
Bacteria,Bacteria,Proteobacteria,Betaproteobacteria,Burkholderiales,Oxalobacteraceae,Janthinobacterium,Oxal_Janthinobacterium,1,0
Bacteria,Bacteria,Proteobacteria,Betaproteobacteria,Gallionellales,Gallionellaceae,Gallionella,Gall_Gallionella,1,0
Bacteria,Bacteria,Proteobacteria,Betaproteobacteria,Hydrogenophilales,Hydrogenophilaceae,Thiobacillus,Hydr_Thiobacillus,5,8
Bacteria,Bacteria,Proteobacteria,Betaproteobacteria,Methylophilales,Methylophilaceae,Methylobacillus,Meth_Methylobacillus,1,0
Bacteria,Bacteria,Proteobacteria,Betaproteobacteria,Methylophilales,Methylophilaceae,Methylotenera,Meth_Methylotenera,1,0
Bacteria,Bacteria,Proteobacteria,Betaproteobacteria,Neisseriales,Neisseriaceae,Chromobacterium,Neis_Chromobacterium,1,0
Bacteria,Bacteria,Proteobacteria,Betaproteobacteria,Neisseriales,Neisseriaceae,Conchiformibius,Neis_Conchiformibius,0,2
Bacteria,Bacteria,Proteobacteria,Betaproteobacteria,Neisseriales,Neisseriaceae,Kingella,Neis_Kingella,1,3
Bacteria,Bacteria,Proteobacteria,Betaproteobacteria,Neisseriales,Neisseriaceae,Neisseria,Neis_Neisseria,1,1
Bacteria,Bacteria,Proteobacteria,Betaproteobacteria,Nitrosomonadales,Nitrosomonadaceae,Nitrosococcus,Nitr_Nitrosococcus,2,0
Bacteria,Bacteria,Proteobacteria,Betaproteobacteria,Nitrosomonadales,Nitrosomonadaceae,Nitrosomonas,Nitr_Nitrosomonas,2,0
Bacteria,Bacteria,Proteobacteria,Betaproteobacteria,Rhodocyclales,Rhodocyclaceae,Azoarcus,Rhod_Azoarcus,4,3
Bacteria,Bacteria,Proteobacteria,Betaproteobacteria,Rhodocyclales,Rhodocyclaceae,Azospira,Rhod_Azospira,0,1
Bacteria,Bacteria,Proteobacteria,Betaproteobacteria,Rhodocyclales,Rhodocyclaceae,Azovibrio,Rhod_Azovibrio,1,1
Bacteria,Bacteria,Proteobacteria,Betaproteobacteria,Rhodocyclales,Rhodocyclaceae,Dechloromonas,Rhod_Dechloromonas,5,10
Bacteria,Bacteria,Proteobacteria,Betaproteobacteria,Rhodocyclales,Rhodocyclaceae,Propionivibrio,Rhod_Propionivibrio,0,2
Bacteria,Bacteria,Proteobacteria,Betaproteobacteria,Rhodocyclales,Rhodocyclaceae,Sulfuritalea,Rhod_Sulfuritalea,1,0
Bacteria,Bacteria,Proteobacteria,Betaproteobacteria,Rhodocyclales,Rhodocyclaceae,Thauera,Rhod_Thauera,28,48
Bacteria,Bacteria,Proteobacteria,Betaproteobacteria,Rhodocyclales,Rhodocyclaceae,Zoogloea,Rhod_Zoogloea,0,1
Bacteria,Bacteria,Proteobacteria,Deltaproteobacteria,Bdellovibrionales,Bacteriovoracaceae,Bacteriovorax,Bact_Bacteriovorax,1,20
Bacteria,Bacteria,Proteobacteria,Deltaproteobacteria,Bdellovibrionales,Bacteriovoracaceae,Peredibacter,Bact_Peredibacter,0,3
Bacteria,Bacteria,Proteobacteria,Deltaproteobacteria,Bdellovibrionales,Bdellovibrionaceae,Bdellovibrio,Bdel_Bdellovibrio,10,8
Bacteria,Bacteria,Proteobacteria,Deltaproteobacteria,Desulfobacterales,Desulfobacteraceae,Algidimarina,Desu_Algidimarina,0,4
Bacteria,Bacteria,Proteobacteria,Deltaproteobacteria,Desulfobacterales,Desulfobacteraceae,Desulfamplus,Desu_Desulfamplus,1,2
Bacteria,Bacteria,Proteobacteria,Deltaproteobacteria,Desulfobacterales,Desulfobacteraceae,Desulfatibacillum,Desu_Desulfatibacillum,0,1
Bacteria,Bacteria,Proteobacteria,Deltaproteobacteria,Desulfobacterales,Desulfobacteraceae,Desulfatiferula,Desu_Desulfatiferula,1,1
Bacteria,Bacteria,Proteobacteria,Deltaproteobacteria,Desulfobacterales,Desulfobacteraceae,Desulfobacter,Desu_Desulfobacter,45,370
Bacteria,Bacteria,Proteobacteria,Deltaproteobacteria,Desulfobacterales,Desulfobacteraceae,Desulfobotulus,Desu_Desulfobotulus,0,1
Bacteria,Bacteria,Proteobacteria,Deltaproteobacteria,Desulfobacterales,Desulfobacteraceae,Desulfococcus,Desu_Desulfococcus,30,13
Bacteria,Bacteria,Proteobacteria,Deltaproteobacteria,Desulfobacterales,Desulfobacteraceae,Desulfofaba,Desu_Desulfofaba,0,1
Bacteria,Bacteria,Proteobacteria,Deltaproteobacteria,Desulfobacterales,Desulfobacteraceae,Desulfosarcina,Desu_Desulfosarcina,0,2
Bacteria,Bacteria,Proteobacteria,Deltaproteobacteria,Desulfobacterales,Desulfobacteraceae,Desulfospira,Desu_Desulfospira,4,2
Bacteria,Bacteria,Proteobacteria,Deltaproteobacteria,Desulfobacterales,Desulfobacteraceae,Desulfotignum,Desu_Desulfotignum,66,6
Bacteria,Bacteria,Proteobacteria,Deltaproteobacteria,Desulfobacterales,Desulfobulbaceae,Desulfobulbus,Desu_Desulfobulbus,14,31
Bacteria,Bacteria,Proteobacteria,Deltaproteobacteria,Desulfobacterales,Desulfobulbaceae,Desulfocapsa,Desu_Desulfocapsa,0,15
Bacteria,Bacteria,Proteobacteria,Deltaproteobacteria,Desulfobacterales,Desulfobulbaceae,Desulforhopalus,Desu_Desulforhopalus,1,44
Bacteria,Bacteria,Proteobacteria,Deltaproteobacteria,Desulfobacterales,Desulfobulbaceae,Desulfotalea,Desu_Desulfotalea,0,30
Bacteria,Bacteria,Proteobacteria,Deltaproteobacteria,Desulfobacterales,Nitrospinaceae,Nitrospina,Nitr_Nitrospina,1,1
Bacteria,Bacteria,Proteobacteria,Deltaproteobacteria,Desulfovibrionales,Desulfohalobiaceae,Desulfonatronovibrio,Desu_Desulfonatronovibrio,0,1
Bacteria,Bacteria,Proteobacteria,Deltaproteobacteria,Desulfovibrionales,Desulfomicrobiaceae,Desulfomicrobium,Desu_Desulfomicrobium,21,73
Bacteria,Bacteria,Proteobacteria,Deltaproteobacteria,Desulfovibrionales,Desulfonatronumaceae,Desulfonatronum,Desu_Desulfonatronum,33,0
Bacteria,Bacteria,Proteobacteria,Deltaproteobacteria,Desulfovibrionales,Desulfovibrionaceae,Desulfovibrio,Desu_Desulfovibrio,42,5
Bacteria,Bacteria,Proteobacteria,Deltaproteobacteria,Desulfuromonadales,Desulfuromonadaceae,Desulfuromonas,Desu_Desulfuromonas,40,10
Bacteria,Bacteria,Proteobacteria,Deltaproteobacteria,Desulfuromonadales,Desulfuromonadaceae,Desulfuromusa,Desu_Desulfuromusa,0,1
Bacteria,Bacteria,Proteobacteria,Deltaproteobacteria,Desulfuromonadales,Desulfuromonadaceae,Pelobacter,Desu_Pelobacter,0,4
Bacteria,Bacteria,Proteobacteria,Deltaproteobacteria,Desulfuromonadales,Geobacteraceae,Geobacter,Geob_Geobacter,13,4
Bacteria,Bacteria,Proteobacteria,Deltaproteobacteria,Desulfuromonadales,Pelobacteraceae,Desulfuromonas,Pelo_Desulfuromonas,3,5
Bacteria,Bacteria,Proteobacteria,Deltaproteobacteria,Desulfuromonadales,Pelobacteraceae,Pelobacter,Pelo_Pelobacter,83,9
Bacteria,Bacteria,Proteobacteria,Deltaproteobacteria,Myxococcales,Nannocystaceae,Plesiocystis,Nann_Plesiocystis,2,0
Bacteria,Bacteria,Proteobacteria,Deltaproteobacteria,Syntrophobacterales,Syntrophaceae,Desulfobacca,Synt_Desulfobacca,1,0
Bacteria,Bacteria,Proteobacteria,Deltaproteobacteria,Syntrophobacterales,Syntrophaceae,Smithella,Synt_Smithella,1,0
Bacteria,Bacteria,Proteobacteria,Deltaproteobacteria,Syntrophobacterales,Syntrophaceae,Syntrophus,Synt_Syntrophus,1,4
Bacteria,Bacteria,Proteobacteria,Deltaproteobacteria,Syntrophobacterales,Syntrophobacteraceae,Syntrophobacter,Synt_Syntrophobacter,1,0
Bacteria,Bacteria,Proteobacteria,Epsilonproteobacteria,Campylobacterales,Campylobacteraceae,Arcobacter,Camp_Arcobacter,122,288
Bacteria,Bacteria,Proteobacteria,Epsilonproteobacteria,Campylobacterales,Campylobacteraceae,Campylobacter,Camp_Campylobacter,1,0
Bacteria,Bacteria,Proteobacteria,Epsilonproteobacteria,Campylobacterales,Campylobacteraceae,Sulfurospirillum,Camp_Sulfurospirillum,1,30
Bacteria,Bacteria,Proteobacteria,Epsilonproteobacteria,Campylobacterales,Helicobacteraceae,Sulfuricurvum,Heli_Sulfuricurvum,0,2
Bacteria,Bacteria,Proteobacteria,Epsilonproteobacteria,Campylobacterales,Helicobacteraceae,Sulfurimonas,Heli_Sulfurimonas,392,79
Bacteria,Bacteria,Proteobacteria,Gammaproteobacteria,Aeromonadales,Aeromonadaceae,Oceanimonas,Aero_Oceanimonas,0,2
Bacteria,Bacteria,Proteobacteria,Gammaproteobacteria,Aeromonadales,Aeromonadaceae,Oceanisphaera,Aero_Oceanisphaera,0,2
Bacteria,Bacteria,Proteobacteria,Gammaproteobacteria,Alteromonadales,Alteromonadaceae,Agarivorans,Alte_Agarivorans,0,3
Bacteria,Bacteria,Proteobacteria,Gammaproteobacteria,Alteromonadales,Alteromonadaceae,Alteromonas,Alte_Alteromonas,6,29
Bacteria,Bacteria,Proteobacteria,Gammaproteobacteria,Alteromonadales,Alteromonadaceae,Cellvibrio,Alte_Cellvibrio,3,5
Bacteria,Bacteria,Proteobacteria,Gammaproteobacteria,Alteromonadales,Alteromonadaceae,Glaciecola,Alte_Glaciecola,264,124
Bacteria,Bacteria,Proteobacteria,Gammaproteobacteria,Alteromonadales,Alteromonadaceae,Marinimicrobium,Alte_Marinimicrobium,8,7
Bacteria,Bacteria,Proteobacteria,Gammaproteobacteria,Alteromonadales,Alteromonadaceae,Marinobacter,Alte_Marinobacter,135,253
Bacteria,Bacteria,Proteobacteria,Gammaproteobacteria,Alteromonadales,Alteromonadaceae,Spongiibacter,Alte_Spongiibacter,1,0
Bacteria,Bacteria,Proteobacteria,Gammaproteobacteria,Alteromonadales,Chromatiaceae,Alishewanella,Chro_Alishewanella,0,3
Bacteria,Bacteria,Proteobacteria,Gammaproteobacteria,Alteromonadales,Chromatiaceae,Rheinheimera,Chro_Rheinheimera,0,13
Bacteria,Bacteria,Proteobacteria,Gammaproteobacteria,Alteromonadales,Colwelliaceae,Colwellia,Colw_Colwellia,0,1
Bacteria,Bacteria,Proteobacteria,Gammaproteobacteria,Alteromonadales,Colwelliaceae,Thalassomonas,Colw_Thalassomonas,6,16
Bacteria,Bacteria,Proteobacteria,Gammaproteobacteria,Alteromonadales,Idiomarinaceae,Pseudidiomarina,Idio_Pseudidiomarina,3,6
Bacteria,Bacteria,Proteobacteria,Gammaproteobacteria,Alteromonadales,J115,Melitea,J115_Melitea,1,0
Bacteria,Bacteria,Proteobacteria,Gammaproteobacteria,Alteromonadales,Psychromonadaceae,Psychromonas,Psyc_Psychromonas,0,136
Bacteria,Bacteria,Proteobacteria,Gammaproteobacteria,Alteromonadales,Shewanellaceae,Shewanella,Shew_Shewanella,3,4
Bacteria,Bacteria,Proteobacteria,Gammaproteobacteria,Chromatiales,Chromatiaceae,Allochromatium,Chro_Allochromatium,1,1
Bacteria,Bacteria,Proteobacteria,Gammaproteobacteria,Chromatiales,Chromatiaceae,Chromatium,Chro_Chromatium,0,1
Bacteria,Bacteria,Proteobacteria,Gammaproteobacteria,Chromatiales,Chromatiaceae,Thiococcus,Chro_Thiococcus,0,1
Bacteria,Bacteria,Proteobacteria,Gammaproteobacteria,Chromatiales,Chromatiaceae,Thiodictyon,Chro_Thiodictyon,1,0
Bacteria,Bacteria,Proteobacteria,Gammaproteobacteria,Chromatiales,Ectothiorhodospiraceae,Ectothiorhodospira,Ecto_Ectothiorhodospira,1,0
Bacteria,Bacteria,Proteobacteria,Gammaproteobacteria,Chromatiales,Ectothiorhodospiraceae,Halorhodospira,Ecto_Halorhodospira,1,3
Bacteria,Bacteria,Proteobacteria,Gammaproteobacteria,Chromatiales,Ectothiorhodospiraceae,Thiobacillus,Ecto_Thiobacillus,1,0
Bacteria,Bacteria,Proteobacteria,Gammaproteobacteria,Chromatiales,Halothiobacillaceae,Halothiobacillus,Halo_Halothiobacillus,23,3
Bacteria,Bacteria,Proteobacteria,Gammaproteobacteria,Chromatiales,Halothiobacillaceae,Thiofaba,Halo_Thiofaba,1,1
Bacteria,Bacteria,Proteobacteria,Gammaproteobacteria,Chromatiales,Halothiobacillaceae,Thiovirga,Halo_Thiovirga,1,2
Bacteria,Bacteria,Proteobacteria,Gammaproteobacteria,Enterobacteriales,Enterobacteriaceae,Brenneria,Ente_Brenneria,1,0
Bacteria,Bacteria,Proteobacteria,Gammaproteobacteria,Enterobacteriales,Enterobacteriaceae,Citrobacter,Ente_Citrobacter,1,4
Bacteria,Bacteria,Proteobacteria,Gammaproteobacteria,Enterobacteriales,Enterobacteriaceae,Enterobacter,Ente_Enterobacter,0,1
Bacteria,Bacteria,Proteobacteria,Gammaproteobacteria,Enterobacteriales,Enterobacteriaceae,Erwinia,Ente_Erwinia,0,1
Bacteria,Bacteria,Proteobacteria,Gammaproteobacteria,Enterobacteriales,Enterobacteriaceae,Klebsiella,Ente_Klebsiella,0,1
Bacteria,Bacteria,Proteobacteria,Gammaproteobacteria,Enterobacteriales,Enterobacteriaceae,Leminorella,Ente_Leminorella,1,0
Bacteria,Bacteria,Proteobacteria,Gammaproteobacteria,Enterobacteriales,Enterobacteriaceae,Plesiomonas,Ente_Plesiomonas,1,0
Bacteria,Bacteria,Proteobacteria,Gammaproteobacteria,Enterobacteriales,Enterobacteriaceae,Yersinia,Ente_Yersinia,2,0
Bacteria,Bacteria,Proteobacteria,Gammaproteobacteria,Legionellales,Coxiellaceae,Rickettsiella,Coxi_Rickettsiella,1,0
Bacteria,Bacteria,Proteobacteria,Gammaproteobacteria,Legionellales,Francisellaceae,Francisella,Fran_Francisella,0,1
Bacteria,Bacteria,Proteobacteria,Gammaproteobacteria,Marinicellales,Marinicellaceae,Marinicella,Mari_Marinicella,60,99
Bacteria,Bacteria,Proteobacteria,Gammaproteobacteria,Methylococcales,Crenotrichaceae,Crenothrix,Cren_Crenothrix,20,1
Bacteria,Bacteria,Proteobacteria,Gammaproteobacteria,Methylococcales,Methylococcaceae,Methylobacter,Meth_Methylobacter,9,0
Bacteria,Bacteria,Proteobacteria,Gammaproteobacteria,Methylococcales,Methylococcaceae,Methylomicrobium,Meth_Methylomicrobium,17,1
Bacteria,Bacteria,Proteobacteria,Gammaproteobacteria,Methylococcales,Methylococcaceae,Methylomonas,Meth_Methylomonas,3,0
Bacteria,Bacteria,Proteobacteria,Gammaproteobacteria,Methylococcales,Methylococcaceae,Methylosarcina,Meth_Methylosarcina,3,1
Bacteria,Bacteria,Proteobacteria,Gammaproteobacteria,Oceanospirillales,Alcanivoracaceae,Alcanivorax,Alca_Alcanivorax,364,16
Bacteria,Bacteria,Proteobacteria,Gammaproteobacteria,Oceanospirillales,Endozoicimonaceae,Endozoicomonas,Endo_Endozoicomonas,0,1
Bacteria,Bacteria,Proteobacteria,Gammaproteobacteria,Oceanospirillales,Halomonadaceae,Chromohalobacter,Halo_Chromohalobacter,1,2
Bacteria,Bacteria,Proteobacteria,Gammaproteobacteria,Oceanospirillales,Halomonadaceae,Cobetia,Halo_Cobetia,0,1
Bacteria,Bacteria,Proteobacteria,Gammaproteobacteria,Oceanospirillales,Halomonadaceae,Haererehalobacter,Halo_Haererehalobacter,2,3
Bacteria,Bacteria,Proteobacteria,Gammaproteobacteria,Oceanospirillales,Halomonadaceae,Halomonas,Halo_Halomonas,38,55
Bacteria,Bacteria,Proteobacteria,Gammaproteobacteria,Oceanospirillales,Halomonadaceae,Kushneria,Halo_Kushneria,1,4
Bacteria,Bacteria,Proteobacteria,Gammaproteobacteria,Oceanospirillales,Oceanospirillaceae,Amphritea,Ocea_Amphritea,0,1
Bacteria,Bacteria,Proteobacteria,Gammaproteobacteria,Oceanospirillales,Oceanospirillaceae,Marinobacterium,Ocea_Marinobacterium,0,13
Bacteria,Bacteria,Proteobacteria,Gammaproteobacteria,Oceanospirillales,Oceanospirillaceae,Marinomonas,Ocea_Marinomonas,6,6
Bacteria,Bacteria,Proteobacteria,Gammaproteobacteria,Oceanospirillales,Oceanospirillaceae,Neptuniibacter,Ocea_Neptuniibacter,0,1
Bacteria,Bacteria,Proteobacteria,Gammaproteobacteria,Oceanospirillales,Oceanospirillaceae,Neptunomonas,Ocea_Neptunomonas,0,46
Bacteria,Bacteria,Proteobacteria,Gammaproteobacteria,Oceanospirillales,Oceanospirillaceae,Nitrincola,Ocea_Nitrincola,2,0
Bacteria,Bacteria,Proteobacteria,Gammaproteobacteria,Oceanospirillales,Oceanospirillaceae,Oceaniserpentilla,Ocea_Oceaniserpentilla,0,1
Bacteria,Bacteria,Proteobacteria,Gammaproteobacteria,Oceanospirillales,Oceanospirillaceae,Oleibacter,Ocea_Oleibacter,5,2
Bacteria,Bacteria,Proteobacteria,Gammaproteobacteria,Oceanospirillales,Oceanospirillaceae,Oleispira,Ocea_Oleispira,1,7
Bacteria,Bacteria,Proteobacteria,Gammaproteobacteria,Oceanospirillales,Oceanospirillaceae,Pseudospirillum,Ocea_Pseudospirillum,0,10
Bacteria,Bacteria,Proteobacteria,Gammaproteobacteria,Oceanospirillales,Saccharospirillaceae,Reinekea,Sacc_Reinekea,0,1
Bacteria,Bacteria,Proteobacteria,Gammaproteobacteria,Oceanospirillales,Saccharospirillaceae,Saccharospirillum,Sacc_Saccharospirillum,1,0
Bacteria,Bacteria,Proteobacteria,Gammaproteobacteria,Pasteurellales,Pasteurellaceae,Haemophilus,Past_Haemophilus,1,4
Bacteria,Bacteria,Proteobacteria,Gammaproteobacteria,Pseudomonadales,Moraxellaceae,Acinetobacter,Mora_Acinetobacter,8,26
Bacteria,Bacteria,Proteobacteria,Gammaproteobacteria,Pseudomonadales,Moraxellaceae,Enhydrobacter,Mora_Enhydrobacter,0,1
Bacteria,Bacteria,Proteobacteria,Gammaproteobacteria,Pseudomonadales,Moraxellaceae,Moraxella,Mora_Moraxella,9,58
Bacteria,Bacteria,Proteobacteria,Gammaproteobacteria,Pseudomonadales,Moraxellaceae,Psychrobacter,Mora_Psychrobacter,1,144
Bacteria,Bacteria,Proteobacteria,Gammaproteobacteria,Pseudomonadales,Pseudomonadaceae,Pseudomonas,Pseu_Pseudomonas,66,109
Bacteria,Bacteria,Proteobacteria,Gammaproteobacteria,Pseudomonadales,Pseudomonadaceae,Serpens,Pseu_Serpens,5,26
Bacteria,Bacteria,Proteobacteria,Gammaproteobacteria,Salinisphaerales,Salinisphaeraceae,Salinisphaera,Sali_Salinisphaera,1,0
Bacteria,Bacteria,Proteobacteria,Gammaproteobacteria,Thiotrichales,Piscirickettsiaceae,Methylophaga,Pisc_Methylophaga,7,1
Bacteria,Bacteria,Proteobacteria,Gammaproteobacteria,Thiotrichales,Piscirickettsiaceae,Thiomicrospira,Pisc_Thiomicrospira,1,0
Bacteria,Bacteria,Proteobacteria,Gammaproteobacteria,Thiotrichales,Thiotrichaceae,Beggiatoa,Thio_Beggiatoa,1,0
Bacteria,Bacteria,Proteobacteria,Gammaproteobacteria,Thiotrichales,Thiotrichaceae,Cocleimonas,Thio_Cocleimonas,0,4
Bacteria,Bacteria,Proteobacteria,Gammaproteobacteria,Thiotrichales,Thiotrichaceae,Leucothrix,Thio_Leucothrix,0,16
Bacteria,Bacteria,Proteobacteria,Gammaproteobacteria,Thiotrichales,Thiotrichaceae,Thiothrix,Thio_Thiothrix,49,32
Bacteria,Bacteria,Proteobacteria,Gammaproteobacteria,Vibrionales,Pseudoalteromonadaceae,Pseudoalteromonas,Pseu_Pseudoalteromonas,22,118
Bacteria,Bacteria,Proteobacteria,Gammaproteobacteria,Vibrionales,Pseudoalteromonadaceae,Vibrio,Pseu_Vibrio,0,1
Bacteria,Bacteria,Proteobacteria,Gammaproteobacteria,Vibrionales,Vibrionaceae,Aliivibrio,Vibr_Aliivibrio,9,1
Bacteria,Bacteria,Proteobacteria,Gammaproteobacteria,Vibrionales,Vibrionaceae,Enterovibrio,Vibr_Enterovibrio,0,1
Bacteria,Bacteria,Proteobacteria,Gammaproteobacteria,Vibrionales,Vibrionaceae,Photobacterium,Vibr_Photobacterium,0,5
Bacteria,Bacteria,Proteobacteria,Gammaproteobacteria,Vibrionales,Vibrionaceae,Vibrio,Vibr_Vibrio,3,20
Bacteria,Bacteria,Proteobacteria,Gammaproteobacteria,Xanthomonadales,Sinobacteraceae,Hydrocarboniphaga,Sino_Hydrocarboniphaga,1,0
Bacteria,Bacteria,Proteobacteria,Gammaproteobacteria,Xanthomonadales,Sinobacteraceae,Steroidobacter,Sino_Steroidobacter,2,0
Bacteria,Bacteria,Proteobacteria,Gammaproteobacteria,Xanthomonadales,Xanthomonadaceae,Aquimonas,Xant_Aquimonas,1,0
Bacteria,Bacteria,Proteobacteria,Gammaproteobacteria,Xanthomonadales,Xanthomonadaceae,Arenimonas,Xant_Arenimonas,2,6
Bacteria,Bacteria,Proteobacteria,Gammaproteobacteria,Xanthomonadales,Xanthomonadaceae,Dokdonella,Xant_Dokdonella,5,10
Bacteria,Bacteria,Proteobacteria,Gammaproteobacteria,Xanthomonadales,Xanthomonadaceae,Luteibacter,Xant_Luteibacter,1,0
Bacteria,Bacteria,Proteobacteria,Gammaproteobacteria,Xanthomonadales,Xanthomonadaceae,Luteimonas,Xant_Luteimonas,12,11
Bacteria,Bacteria,Proteobacteria,Gammaproteobacteria,Xanthomonadales,Xanthomonadaceae,Lysobacter,Xant_Lysobacter,1,9
Bacteria,Bacteria,Proteobacteria,Gammaproteobacteria,Xanthomonadales,Xanthomonadaceae,Pseudofulvimonas,Xant_Pseudofulvimonas,2,0
Bacteria,Bacteria,Proteobacteria,Gammaproteobacteria,Xanthomonadales,Xanthomonadaceae,Pseudoxanthomonas,Xant_Pseudoxanthomonas,0,1
Bacteria,Bacteria,Proteobacteria,Gammaproteobacteria,Xanthomonadales,Xanthomonadaceae,Rhodanobacter,Xant_Rhodanobacter,6,0
Bacteria,Bacteria,Proteobacteria,Gammaproteobacteria,Xanthomonadales,Xanthomonadaceae,Silanimonas,Xant_Silanimonas,2,0
Bacteria,Bacteria,Proteobacteria,Gammaproteobacteria,Xanthomonadales,Xanthomonadaceae,Stenotrophomonas,Xant_Stenotrophomonas,0,1
Bacteria,Bacteria,Proteobacteria,Gammaproteobacteria,Xanthomonadales,Xanthomonadaceae,Thermomonas,Xant_Thermomonas,10,11
Bacteria,Bacteria,Proteobacteria,Gammaproteobacteria,Xanthomonadales,Xanthomonadaceae,Wohlfahrtiimonas,Xant_Wohlfahrtiimonas,0,3
Bacteria,Bacteria,Spirochaetes,Leptospirae,Leptospirales,Leptospiraceae,Leptospira,Lept_Leptospira,1,0
Bacteria,Bacteria,Spirochaetes,Spirochaetes,Sphaerochaetales,Sphaerochaetaceae,Sphaerochaeta,Spha_Sphaerochaeta,35,1300
Bacteria,Bacteria,Spirochaetes,Spirochaetes,Spirochaetales,Spirochaetaceae,Spirochaeta,Spir_Spirochaeta,23,74
Bacteria,Bacteria,Spirochaetes,Spirochaetes,Spirochaetales,Spirochaetaceae,Treponema,Spir_Treponema,24,318
Bacteria,Bacteria,Tenericutes,Mollicutes,Acholeplasmatales,Acholeplasmataceae,Acholeplasma,Acho_Acholeplasma,7,1149
Bacteria,Bacteria,Tenericutes,Mollicutes,Anaeroplasmatales,Anaeroplasmataceae,Anaeroplasma,Anae_Anaeroplasma,0,1
Bacteria,Bacteria,Thermi,Deinococci,Deinococcales,Deinococcaceae,Deinococcus,Dein_Deinococcus,0,1
Bacteria,Bacteria,Thermotogae,Thermotogae,Thermotogales,Thermotogaceae,Kosmotoga,Ther_Kosmotoga,57,12
Bacteria,Bacteria,Verrucomicrobia,Opitutae,Cerasicoccales,Cerasicoccaceae,Cerasicoccus,Cera_Cerasicoccus,1,0
Bacteria,Bacteria,Verrucomicrobia,Opitutae,Opitutales,Opitutaceae,Opitutus,Opit_Opitutus,1,2
Bacteria,Bacteria,Verrucomicrobia,Opitutae,Puniceicoccales,Puniceicoccaceae,Coraliomargarita,Puni_Coraliomargarita,11,3
Bacteria,Bacteria,Verrucomicrobia,Opitutae,Puniceicoccales,Puniceicoccaceae,Puniceicoccus,Puni_Puniceicoccus,1,0
Bacteria,Bacteria,Verrucomicrobia,Verrucomicrobiae,Verrucomicrobiales,Verrucomicrobiaceae,Luteolibacter,Verr_Luteolibacter,2,1
Bacteria,Bacteria,Verrucomicrobia,Verrucomicrobiae,Verrucomicrobiales,Verrucomicrobiaceae,Rubritalea,Verr_Rubritalea,0,3
Bacteria,Bacteria,Verrucomicrobia,Verrucomicrobiae,Verrucomicrobiales,Verrucomicrobiaceae,Verrucomicrobium,Verr_Verrucomicrobium,0,2
